custid,retained,created,firstorder,lastorder,support_tickets,payment_delays,total_spend,industry_type,supplier_engagement,duration,censor
1,1,02/08/2022,18/01/2023,15/12/2023,6,11,31209.02,Machinery,Low,882,0
2,0,17/08/2019,06/12/2019,06/12/2021,19,18,38663.29,Automotive,High,900,1
3,1,21/02/2019,16/08/2019,24/12/2021,14,43,41529.64,Automotive,Low,900,1
4,1,17/07/2020,16/08/2020,18/12/2022,10,58,34541.54,Automotive,Low,900,1
5,0,16/05/2020,18/08/2020,01/06/2022,7,48,10764.31,Aerospace,Low,900,1
6,1,02/04/2020,26/08/2020,08/06/2022,6,60,20222.04,Energy,Medium,900,1
7,0,13/10/2019,28/01/2020,16/11/2020,18,16,46763.76,Automotive,Medium,900,1
8,1,29/07/2019,28/10/2019,03/01/2022,10,73,15107.7,Electronics,Low,900,1
9,0,17/10/2022,05/04/2023,26/07/2023,10,56,21747.52,Automotive,Medium,806,0
10,0,21/01/2022,04/06/2022,22/03/2024,3,54,24443.46,Energy,Low,900,1
11,0,28/06/2019,23/11/2019,27/05/2021,7,46,24773.22,Automotive,Medium,900,1
12,1,24/04/2022,13/05/2022,02/01/2023,2,11,32582.28,Aerospace,Medium,900,1
13,0,14/05/2021,29/10/2021,17/06/2023,1,61,47438.41,Machinery,Medium,900,1
14,0,07/03/2019,03/04/2019,07/03/2021,11,79,15831.17,Machinery,High,900,1
15,0,03/03/2019,12/05/2019,18/07/2021,5,87,10467.56,Aerospace,Low,900,1
16,1,11/07/2019,29/12/2019,22/11/2021,1,82,13886.17,Aerospace,Low,900,1
17,1,23/03/2020,14/06/2020,15/10/2022,0,7,44911.62,Aerospace,Medium,900,1
18,0,21/04/2020,28/06/2020,05/01/2023,11,20,34061.49,Automotive,High,900,1
19,0,31/10/2021,03/12/2021,25/02/2023,11,80,17865.81,Automotive,Low,900,1
20,0,17/05/2022,15/09/2022,14/04/2023,16,86,41717.61,Aerospace,Low,900,1
21,0,24/02/2019,31/03/2019,17/09/2021,9,79,43761.65,Automotive,Low,900,1
22,0,23/02/2022,14/08/2022,09/09/2024,15,69,43093.15,Automotive,Medium,900,1
23,1,12/02/2020,18/03/2020,20/01/2021,14,71,46351.69,Electronics,Low,900,1
24,0,23/08/2022,24/12/2022,26/03/2023,14,24,16350.85,Energy,Medium,861,0
25,0,07/12/2022,28/01/2023,04/11/2024,18,81,38976.89,Electronics,High,755,0
26,0,21/01/2022,17/04/2022,02/06/2024,11,88,25724.28,Automotive,Medium,900,1
27,1,09/05/2021,26/05/2021,14/11/2021,19,11,42889.93,Automotive,Low,900,1
28,1,27/03/2020,17/04/2020,28/12/2020,2,14,37782.08,Energy,Medium,900,1
29,1,08/07/2021,09/10/2021,27/12/2021,4,58,39940.14,Automotive,Low,900,1
30,0,21/04/2022,15/05/2022,08/10/2023,18,25,34527.28,Automotive,High,900,1
31,0,23/07/2020,16/10/2020,01/11/2021,6,25,12984.29,Electronics,Medium,900,1
32,0,14/01/2019,25/04/2019,25/08/2020,8,46,29526.21,Electronics,Low,900,1
33,0,23/11/2019,07/03/2020,08/10/2020,6,31,49310.14,Electronics,Medium,900,1
34,1,30/11/2022,30/03/2023,24/07/2024,17,9,47182.46,Automotive,Medium,762,0
35,1,15/05/2021,01/07/2021,07/08/2023,3,15,6942.82,Automotive,Medium,900,1
36,1,27/11/2020,07/02/2021,02/11/2021,13,70,12416.67,Energy,Low,900,1
37,1,23/07/2020,15/12/2020,09/04/2022,17,16,10927.79,Automotive,High,900,1
38,0,15/11/2019,09/03/2020,03/10/2021,8,22,37669.1,Electronics,High,900,1
39,1,16/03/2020,17/08/2020,18/12/2022,1,25,41800.34,Machinery,Medium,900,1
40,0,20/11/2020,15/01/2021,02/12/2022,19,84,14608.01,Electronics,High,900,1
41,0,29/07/2019,20/09/2019,15/03/2021,14,85,27763.37,Aerospace,Low,900,1
42,1,09/07/2019,01/09/2019,11/04/2022,6,6,42831.64,Automotive,Medium,900,1
43,0,17/02/2021,19/03/2021,03/10/2023,11,13,37976.07,Electronics,Medium,900,1
44,0,18/07/2019,31/12/2019,23/03/2022,7,78,29400.67,Machinery,Medium,900,1
45,0,05/01/2021,22/04/2021,05/07/2023,14,6,31565.65,Energy,Medium,900,1
46,1,05/12/2020,22/05/2021,22/09/2021,2,8,27876.22,Automotive,Low,900,1
47,1,21/05/2022,31/07/2022,20/09/2024,13,47,18389.68,Automotive,Low,900,1
48,0,25/06/2020,09/11/2020,29/05/2021,16,71,30425.99,Energy,Low,900,1
49,1,30/03/2019,05/09/2019,18/04/2021,3,58,35999.84,Machinery,Low,900,1
50,0,29/07/2021,13/09/2021,12/06/2022,17,86,44299.53,Machinery,Medium,900,1
51,0,03/01/2022,13/03/2022,07/12/2023,7,81,33633.11,Automotive,Low,900,1
52,1,13/09/2019,19/01/2020,14/02/2021,3,38,39250.47,Electronics,Low,900,1
53,1,14/02/2021,06/08/2021,14/08/2023,1,17,12203.22,Machinery,Medium,900,1
54,1,11/06/2019,25/08/2019,24/02/2021,5,58,25770.09,Electronics,Medium,900,1
55,0,04/02/2022,11/06/2022,30/01/2024,9,16,5419.92,Aerospace,High,900,1
56,1,23/08/2020,06/11/2020,25/01/2022,3,13,16100.55,Automotive,Medium,900,1
57,1,11/07/2022,07/01/2023,23/01/2024,17,30,37690.78,Electronics,Low,900,1
58,1,20/06/2022,02/07/2022,24/02/2023,11,23,49631.45,Automotive,High,900,1
59,0,10/01/2021,19/05/2021,31/10/2022,1,59,9463.01,Aerospace,Medium,900,1
60,1,28/03/2022,19/06/2022,09/03/2025,9,44,23067.24,Energy,Low,900,1
61,1,29/01/2020,26/06/2020,21/02/2022,3,2,41003.19,Aerospace,Medium,900,1
62,0,13/12/2022,01/02/2023,17/03/2024,13,36,14181.6,Machinery,High,749,0
63,0,23/05/2019,20/06/2019,28/02/2021,15,42,29978.82,Automotive,Low,900,1
64,0,04/04/2019,05/08/2019,30/09/2020,14,39,37988.21,Electronics,Low,900,1
65,1,16/09/2022,23/12/2022,13/01/2025,7,89,32719.35,Energy,Low,837,0
66,1,11/04/2020,18/09/2020,16/01/2023,13,54,13461.11,Automotive,Low,900,1
67,1,15/08/2020,09/11/2020,15/06/2023,7,86,20992.31,Automotive,Medium,900,1
68,1,13/06/2019,03/12/2019,08/02/2022,15,38,40270.63,Aerospace,Medium,900,1
69,1,21/04/2020,17/08/2020,13/09/2022,12,14,29940.19,Automotive,Low,900,1
70,0,26/07/2019,08/10/2019,25/09/2021,17,3,5235.33,Machinery,High,900,1
71,0,17/02/2021,23/06/2021,22/11/2023,14,85,39244.58,Energy,Medium,900,1
72,0,23/07/2020,18/10/2020,26/11/2022,12,24,6589.01,Aerospace,Medium,900,1
73,0,17/07/2021,15/09/2021,11/08/2022,8,12,38558.02,Automotive,High,900,1
74,0,25/07/2022,10/11/2022,24/09/2024,14,81,14111.63,Aerospace,Low,890,0
75,1,17/01/2021,30/05/2021,06/12/2022,12,32,48113.31,Machinery,Medium,900,1
76,0,30/11/2019,06/01/2020,18/09/2020,0,15,21557.33,Automotive,Medium,900,1
77,0,28/01/2021,08/04/2021,14/02/2022,6,41,19711.92,Electronics,High,900,1
78,0,28/12/2020,14/04/2021,25/03/2022,8,65,11699.96,Electronics,Medium,900,1
79,0,05/03/2020,08/08/2020,01/05/2022,0,54,18752.19,Electronics,Low,900,1
80,1,04/10/2022,13/01/2023,13/01/2024,11,41,44449.28,Automotive,High,819,0
81,1,30/06/2020,04/12/2020,20/09/2021,7,33,49835.05,Machinery,Low,900,1
82,1,08/12/2022,03/03/2023,01/03/2024,10,29,21573.93,Automotive,High,754,0
83,0,31/10/2022,24/01/2023,22/05/2025,18,12,25187.48,Automotive,High,792,0
84,1,20/08/2022,04/09/2022,25/08/2023,16,12,37493.19,Machinery,Low,864,0
85,1,27/05/2019,21/11/2019,10/01/2022,7,17,44878.81,Machinery,Medium,900,1
86,1,01/06/2022,20/09/2022,19/06/2023,2,31,31687,Automotive,Low,900,1
87,0,24/07/2022,12/10/2022,16/11/2024,2,38,22618.66,Automotive,Medium,891,0
88,1,17/12/2019,29/12/2019,17/02/2022,0,45,23567.98,Automotive,Medium,900,1
89,1,29/12/2021,01/06/2022,13/12/2023,4,28,36302.82,Automotive,Medium,900,1
90,1,16/05/2020,07/06/2020,26/06/2021,9,61,5144.82,Automotive,High,900,1
91,1,01/12/2019,14/05/2020,16/11/2021,6,61,32881.52,Automotive,Medium,900,1
92,0,04/08/2021,19/12/2021,09/02/2023,8,56,20997.19,Aerospace,Medium,900,1
93,1,16/02/2021,10/05/2021,02/02/2023,6,15,40738.88,Machinery,High,900,1
94,0,06/07/2020,12/09/2020,03/02/2023,8,55,9184.58,Electronics,High,900,1
95,1,03/08/2022,15/01/2023,23/03/2025,7,9,31469.1,Electronics,Low,881,0
96,0,10/11/2022,18/02/2023,24/01/2024,11,29,26643.78,Automotive,High,782,0
97,0,14/02/2022,21/04/2022,10/04/2023,1,24,33904.65,Energy,Low,900,1
98,0,25/03/2020,13/09/2020,16/03/2021,0,83,7918.41,Machinery,High,900,1
99,1,03/11/2022,31/12/2022,08/10/2024,15,4,31099.27,Machinery,Low,789,0
100,0,26/10/2020,12/04/2021,04/05/2023,4,64,30266.81,Machinery,Low,900,1
101,1,25/04/2019,08/07/2019,15/03/2021,2,48,30229.7,Energy,Medium,900,1
102,1,14/04/2020,09/10/2020,31/12/2021,11,2,32156.94,Electronics,Medium,900,1
103,0,07/03/2019,21/04/2019,23/12/2021,7,44,35441.06,Automotive,Low,900,1
104,0,08/10/2020,27/03/2021,04/07/2022,2,13,41224.5,Electronics,Low,900,1
105,0,01/04/2021,05/05/2021,20/10/2023,0,29,17141.93,Machinery,Medium,900,1
106,1,02/07/2020,19/12/2020,05/02/2022,2,67,42127.22,Machinery,High,900,1
107,1,16/05/2019,07/11/2019,07/03/2022,4,17,27421.51,Electronics,Low,900,1
108,0,08/03/2020,28/03/2020,28/08/2022,14,61,8467.62,Automotive,Low,900,1
109,0,07/03/2022,04/06/2022,30/12/2022,13,36,7634.79,Aerospace,Medium,900,1
110,1,06/10/2020,05/02/2021,28/01/2022,2,24,20040.72,Energy,Low,900,1
111,1,11/03/2020,29/03/2020,10/07/2020,0,47,40320.36,Electronics,High,900,1
112,1,04/09/2022,09/02/2023,29/01/2024,4,64,36845.64,Electronics,High,849,0
113,1,19/10/2021,30/01/2022,31/03/2024,13,52,40487.67,Automotive,Medium,900,1
114,0,21/03/2021,03/05/2021,20/09/2021,6,78,28277.11,Aerospace,Low,900,1
115,0,09/08/2022,11/09/2022,30/10/2023,8,72,24808.95,Machinery,Medium,875,0
116,0,28/07/2021,21/10/2021,17/03/2023,14,14,11635.36,Electronics,Medium,900,1
117,0,20/10/2019,21/01/2020,21/01/2022,14,48,19768.67,Machinery,High,900,1
118,0,26/06/2020,20/10/2020,07/09/2021,9,87,24530.87,Aerospace,Medium,900,1
119,0,13/10/2019,06/12/2019,10/03/2022,12,67,8987.02,Electronics,Medium,900,1
120,0,20/05/2020,20/07/2020,21/01/2022,18,11,14927.54,Automotive,Medium,900,1
121,1,23/02/2022,07/04/2022,11/01/2023,6,58,31920.14,Machinery,Medium,900,1
122,1,08/01/2022,05/06/2022,26/02/2023,16,36,38104.84,Aerospace,High,900,1
123,1,22/06/2020,03/10/2020,29/03/2023,19,60,49925.64,Aerospace,Medium,900,1
124,1,12/04/2022,04/09/2022,07/05/2024,3,42,46990.1,Electronics,Medium,900,1
125,0,27/05/2021,12/10/2021,14/09/2022,4,69,33915.43,Energy,Low,900,1
126,1,10/04/2022,28/06/2022,24/03/2024,6,38,23956.16,Automotive,Medium,900,1
127,0,28/03/2021,19/05/2021,30/06/2023,12,55,33627.98,Machinery,Medium,900,1
128,1,11/01/2021,27/03/2021,28/02/2022,14,62,40354.32,Automotive,Low,900,1
129,0,25/03/2020,05/08/2020,21/02/2021,10,45,10325.13,Aerospace,Low,900,1
130,1,11/10/2019,04/01/2020,23/06/2020,3,87,23445.72,Automotive,Medium,900,1
131,0,09/11/2021,13/02/2022,04/01/2024,12,10,42791.1,Aerospace,Medium,900,1
132,0,07/10/2021,15/11/2021,11/02/2024,6,61,22272.48,Electronics,Medium,900,1
133,1,06/07/2019,12/11/2019,02/09/2021,18,76,30734.25,Automotive,Low,900,1
134,0,07/04/2019,06/05/2019,06/03/2020,1,24,31449.62,Aerospace,Medium,900,1
135,1,13/08/2019,28/09/2019,01/08/2020,9,70,13301.43,Energy,Low,900,1
136,1,10/11/2019,16/01/2020,06/05/2020,12,51,21300.59,Automotive,Medium,900,1
137,1,09/07/2022,28/10/2022,11/11/2024,5,3,20053.01,Machinery,Low,900,1
138,1,24/11/2019,24/04/2020,05/01/2023,11,58,6178.85,Aerospace,Low,900,1
139,1,25/10/2022,05/02/2023,30/09/2024,11,71,6088.63,Electronics,Low,798,0
140,0,14/05/2021,16/06/2021,03/04/2022,19,19,42426.37,Automotive,Low,900,1
141,1,06/05/2022,25/08/2022,07/08/2024,10,62,17288.19,Automotive,Low,900,1
142,1,11/05/2019,24/05/2019,17/03/2020,6,53,28313.54,Automotive,Low,900,1
143,1,27/02/2021,15/05/2021,05/09/2021,0,73,18442.65,Automotive,Medium,900,1
144,0,20/02/2021,17/07/2021,26/12/2021,0,56,47330.57,Automotive,Medium,900,1
145,1,05/05/2022,15/06/2022,11/10/2023,19,89,16668.35,Electronics,Low,900,1
146,1,16/08/2021,20/12/2021,22/01/2023,12,40,24334.56,Machinery,High,900,1
147,1,19/12/2021,02/04/2022,04/06/2024,8,2,44272.86,Machinery,Low,900,1
148,0,29/05/2020,14/08/2020,08/02/2022,2,5,42887.01,Electronics,Medium,900,1
149,0,07/02/2022,16/07/2022,25/12/2022,6,4,13374.56,Automotive,Low,900,1
150,0,24/01/2019,11/05/2019,06/06/2021,5,4,41118.95,Automotive,Low,900,1
151,1,25/10/2022,16/04/2023,12/08/2025,7,53,25618.41,Aerospace,Medium,798,0
152,1,23/08/2019,06/12/2019,23/06/2020,8,46,26733.6,Automotive,Medium,900,1
153,0,28/10/2022,04/12/2022,07/02/2023,4,86,11006.6,Electronics,High,795,0
154,0,04/01/2022,14/03/2022,27/11/2023,0,48,8627.07,Electronics,Medium,900,1
155,0,30/06/2020,07/11/2020,16/06/2021,18,8,37757.27,Aerospace,High,900,1
156,0,05/08/2022,21/08/2022,10/12/2023,9,19,27340.75,Aerospace,Low,879,0
157,1,27/11/2020,14/05/2021,12/05/2023,11,60,24658.28,Machinery,Low,900,1
158,1,17/08/2019,17/01/2020,04/09/2022,14,34,37827.87,Machinery,Low,900,1
159,0,24/08/2020,25/11/2020,12/07/2023,8,49,39448.08,Aerospace,Low,900,1
160,1,09/06/2021,22/11/2021,23/05/2023,19,81,12150.87,Energy,Medium,900,1
161,0,20/11/2019,25/01/2020,26/07/2021,16,61,32460.13,Energy,Medium,900,1
162,1,18/07/2021,09/01/2022,05/01/2024,16,16,11090.93,Aerospace,Low,900,1
163,0,07/01/2019,02/02/2019,24/10/2019,19,87,38811.88,Aerospace,High,900,1
164,0,23/06/2020,12/12/2020,26/03/2023,11,2,34562.98,Electronics,High,900,1
165,0,22/10/2021,27/02/2022,16/02/2023,6,31,48047.66,Energy,Low,900,1
166,1,01/01/2020,28/03/2020,20/04/2021,1,12,8103.11,Machinery,Low,900,1
167,1,05/11/2021,30/04/2022,17/04/2023,2,88,7567.46,Automotive,Low,900,1
168,1,06/08/2019,28/11/2019,18/11/2021,16,72,17698.42,Aerospace,Low,900,1
169,0,04/07/2022,12/08/2022,10/12/2022,4,67,16776.76,Electronics,Low,900,1
170,0,03/09/2020,18/10/2020,04/07/2023,16,13,16114.05,Electronics,Medium,900,1
171,0,01/08/2022,22/08/2022,16/12/2024,16,10,45781.46,Automotive,Low,883,0
172,1,05/11/2021,24/11/2021,24/04/2022,16,55,16229.58,Machinery,Low,900,1
173,0,01/06/2022,27/08/2022,23/08/2024,1,66,17237.74,Electronics,High,900,1
174,1,12/02/2020,27/06/2020,05/04/2022,1,28,39172.92,Machinery,Medium,900,1
175,1,10/11/2019,19/12/2019,11/10/2020,4,8,25238.29,Machinery,High,900,1
176,1,04/02/2021,10/03/2021,07/11/2022,0,66,39951.98,Machinery,Low,900,1
177,0,27/11/2019,05/02/2020,01/05/2022,0,24,7941.48,Aerospace,Low,900,1
178,0,09/01/2022,05/06/2022,13/08/2024,18,75,26940.7,Electronics,Medium,900,1
179,0,22/12/2021,04/02/2022,22/08/2024,1,41,6512.61,Automotive,Low,900,1
180,1,02/01/2019,21/04/2019,28/07/2019,11,8,7819.39,Electronics,Low,900,1
181,1,11/05/2022,14/09/2022,05/06/2025,5,78,45789.69,Automotive,Medium,900,1
182,0,25/10/2020,06/02/2021,03/10/2021,3,39,11266.04,Electronics,Medium,900,1
183,0,27/09/2021,22/02/2022,24/06/2023,10,24,28958.93,Automotive,Medium,900,1
184,1,09/02/2019,06/06/2019,24/01/2022,16,4,23499.3,Automotive,Medium,900,1
185,1,18/08/2019,25/01/2020,30/07/2022,5,10,20630.45,Automotive,Medium,900,1
186,0,13/01/2021,03/03/2021,29/10/2021,4,58,45492.5,Automotive,Low,900,1
187,1,21/09/2020,15/01/2021,22/04/2021,19,87,5982.05,Machinery,Low,900,1
188,0,05/05/2020,29/10/2020,03/05/2023,1,78,34870.54,Machinery,Low,900,1
189,0,29/04/2019,03/06/2019,11/09/2020,5,37,48352.75,Electronics,Low,900,1
190,1,08/05/2020,20/09/2020,03/02/2023,10,71,30207.57,Automotive,High,900,1
191,1,07/03/2022,21/08/2022,10/03/2024,15,4,47157.01,Automotive,Medium,900,1
192,1,11/06/2019,03/10/2019,09/06/2020,15,47,7351.6,Automotive,Medium,900,1
193,0,25/06/2019,14/09/2019,18/12/2021,0,89,23845.7,Automotive,Low,900,1
194,1,22/09/2021,10/10/2021,20/05/2024,8,17,16707.1,Machinery,Low,900,1
195,0,22/05/2019,03/09/2019,24/08/2020,5,69,37886.94,Automotive,Low,900,1
196,0,26/12/2021,01/03/2022,13/10/2024,15,36,49158.37,Aerospace,Low,900,1
197,1,15/09/2019,16/01/2020,23/04/2020,2,59,16543.85,Automotive,Low,900,1
198,0,20/09/2019,21/01/2020,30/03/2020,19,47,34437.86,Automotive,Medium,900,1
199,1,13/09/2022,22/11/2022,22/11/2023,3,76,13914.39,Electronics,Medium,840,0
200,1,31/08/2021,11/12/2021,13/09/2023,18,27,30439.86,Electronics,Medium,900,1
201,0,30/01/2022,06/03/2022,12/01/2024,2,68,25876.96,Automotive,Medium,900,1
202,0,05/12/2019,18/03/2020,03/09/2020,18,76,48740.24,Automotive,High,900,1
203,0,26/06/2020,22/11/2020,30/12/2021,19,80,32383.73,Aerospace,Low,900,1
204,0,16/12/2021,09/06/2022,26/05/2023,6,39,20727.79,Automotive,Low,900,1
205,1,27/05/2022,05/09/2022,12/02/2024,19,44,10134.31,Automotive,Low,900,1
206,1,16/05/2021,10/06/2021,27/05/2023,8,61,11806.11,Energy,Medium,900,1
207,0,09/03/2020,28/06/2020,06/03/2022,0,57,15139.26,Electronics,High,900,1
208,0,09/01/2022,30/03/2022,16/11/2023,7,66,16293.5,Electronics,Low,900,1
209,1,13/11/2022,10/01/2023,28/07/2024,6,55,43277.72,Aerospace,High,779,0
210,1,16/02/2020,28/03/2020,23/11/2022,17,39,30255.03,Aerospace,High,900,1
211,0,31/12/2022,06/05/2023,19/11/2023,7,39,28552.59,Electronics,Low,731,0
212,0,30/09/2020,02/11/2020,22/05/2023,0,76,10164.6,Electronics,Low,900,1
213,1,28/03/2021,23/09/2021,22/04/2023,10,32,43706.29,Machinery,Medium,900,1
214,0,07/10/2022,10/12/2022,01/06/2024,17,5,37526.64,Automotive,High,816,0
215,0,23/08/2022,13/02/2023,18/01/2024,9,87,8045.08,Electronics,Low,861,0
216,1,03/02/2021,26/07/2021,09/04/2022,2,18,36852.58,Aerospace,Medium,900,1
217,1,16/06/2021,25/11/2021,01/05/2024,6,79,29459.22,Machinery,Low,900,1
218,1,25/11/2021,10/12/2021,03/06/2022,15,39,8677.64,Electronics,Medium,900,1
219,1,13/07/2021,04/08/2021,06/09/2022,15,58,25623.53,Electronics,Medium,900,1
220,1,05/09/2019,09/12/2019,22/07/2020,19,58,26811.33,Automotive,Medium,900,1
221,0,22/05/2020,02/08/2020,19/10/2022,16,47,12459.85,Electronics,High,900,1
222,0,05/04/2020,17/05/2020,28/10/2021,1,40,47556.42,Automotive,High,900,1
223,0,12/05/2019,13/10/2019,05/10/2021,0,12,43248.89,Aerospace,High,900,1
224,0,23/11/2020,24/01/2021,13/12/2021,15,44,35106.01,Automotive,Low,900,1
225,1,13/02/2019,12/03/2019,15/05/2021,11,88,25803.3,Electronics,Medium,900,1
226,1,19/04/2022,17/09/2022,25/05/2023,4,52,23529.45,Automotive,Low,900,1
227,1,08/02/2022,12/04/2022,25/06/2022,4,41,34293.81,Aerospace,Medium,900,1
228,1,16/04/2020,23/09/2020,16/12/2022,8,62,29544.43,Machinery,Medium,900,1
229,0,20/04/2022,24/06/2022,03/08/2023,8,26,7802.29,Automotive,Medium,900,1
230,0,27/03/2020,04/06/2020,21/10/2022,2,37,28062.62,Electronics,Medium,900,1
231,1,15/01/2019,19/04/2019,15/04/2020,18,59,41288.16,Aerospace,High,900,1
232,1,26/05/2019,12/07/2019,13/04/2021,15,6,25665.79,Automotive,Low,900,1
233,1,20/12/2022,31/05/2023,19/06/2025,15,4,7338.05,Machinery,Medium,742,0
234,1,16/07/2022,26/07/2022,07/11/2024,2,44,40382.52,Automotive,Low,899,0
235,1,01/05/2019,20/07/2019,02/04/2020,19,57,14061.37,Aerospace,Low,900,1
236,1,13/04/2020,30/05/2020,24/01/2021,0,30,16637.94,Electronics,Low,900,1
237,0,19/05/2019,01/07/2019,16/05/2021,19,22,12411.79,Electronics,High,900,1
238,1,06/03/2019,01/08/2019,22/02/2022,10,41,19859.68,Electronics,High,900,1
239,1,07/11/2020,20/01/2021,04/01/2023,16,9,39053.82,Automotive,High,900,1
240,0,26/05/2019,19/07/2019,23/03/2022,7,31,28372.36,Automotive,High,900,1
241,1,18/11/2021,26/12/2021,15/04/2023,3,52,14219.66,Machinery,Low,900,1
242,0,02/05/2020,28/10/2020,22/04/2023,5,29,44502.35,Electronics,Low,900,1
243,1,24/07/2020,09/08/2020,19/12/2021,7,38,44581.18,Machinery,Medium,900,1
244,0,02/10/2022,14/11/2022,23/06/2024,19,30,44176.03,Machinery,Medium,821,0
245,1,21/09/2021,04/10/2021,03/11/2022,2,81,15745.83,Machinery,Medium,900,1
246,0,14/03/2020,23/06/2020,18/11/2020,15,1,25305.77,Aerospace,Low,900,1
247,1,09/01/2022,20/03/2022,03/07/2023,2,77,49324.53,Aerospace,Medium,900,1
248,0,28/09/2019,06/03/2020,21/03/2022,17,76,39740.56,Machinery,Medium,900,1
249,0,15/03/2022,15/06/2022,19/11/2022,13,11,6222.53,Aerospace,Low,900,1
250,0,26/03/2022,09/04/2022,14/12/2022,17,38,7934.21,Automotive,Medium,900,1
251,1,26/08/2021,19/10/2021,10/05/2022,1,65,25876.91,Machinery,Medium,900,1
252,0,12/05/2020,28/07/2020,27/01/2022,2,12,45914.91,Machinery,Medium,900,1
253,0,26/08/2021,18/09/2021,14/10/2022,15,45,29241.58,Aerospace,Low,900,1
254,1,13/04/2021,25/05/2021,04/04/2022,8,26,27401.56,Automotive,Medium,900,1
255,1,25/01/2020,21/05/2020,26/07/2020,3,16,9746.32,Aerospace,Low,900,1
256,1,13/07/2019,04/12/2019,26/10/2020,0,59,34555.1,Machinery,Low,900,1
257,0,18/07/2019,26/08/2019,20/11/2020,3,63,41994.64,Energy,Medium,900,1
258,1,11/09/2022,07/10/2022,04/08/2023,0,87,22118.9,Automotive,Medium,842,0
259,0,01/06/2021,10/10/2021,11/03/2023,13,34,39902.53,Automotive,Low,900,1
260,0,26/12/2020,29/04/2021,08/08/2023,15,69,48401.45,Machinery,Medium,900,1
261,1,17/05/2021,27/08/2021,26/07/2022,19,82,14169.49,Aerospace,Medium,900,1
262,1,21/04/2021,09/09/2021,11/10/2022,7,29,28549.83,Electronics,Medium,900,1
263,1,14/08/2021,22/01/2022,26/01/2023,6,70,17921.21,Energy,Medium,900,1
264,0,21/04/2019,28/05/2019,14/03/2021,2,73,40678.45,Automotive,Medium,900,1
265,0,11/10/2022,13/02/2023,23/04/2025,16,62,30991.7,Electronics,Medium,812,0
266,0,31/08/2022,16/01/2023,23/10/2024,0,27,33556.21,Automotive,Low,853,0
267,1,16/08/2022,21/10/2022,31/12/2022,15,59,40906.14,Aerospace,Low,868,0
268,0,21/07/2019,04/01/2020,26/11/2020,11,78,22818.67,Machinery,Medium,900,1
269,0,05/05/2019,26/05/2019,24/05/2021,18,36,46179.05,Aerospace,Medium,900,1
270,0,04/04/2021,29/09/2021,01/12/2022,13,21,28986.3,Energy,Medium,900,1
271,1,25/11/2020,17/04/2021,26/05/2023,5,67,12107.97,Electronics,Low,900,1
272,0,12/08/2019,07/11/2019,03/09/2020,5,19,36315.46,Aerospace,Low,900,1
273,1,24/05/2020,28/09/2020,29/01/2021,12,67,40696.76,Automotive,Medium,900,1
274,0,28/01/2020,20/07/2020,02/08/2022,18,63,19254.28,Aerospace,Low,900,1
275,1,25/01/2020,11/02/2020,10/08/2020,7,16,43573.07,Aerospace,Medium,900,1
276,0,03/01/2022,28/01/2022,18/07/2023,1,11,45776.45,Automotive,Low,900,1
277,1,07/07/2021,16/11/2021,25/11/2022,0,21,17460.7,Aerospace,Medium,900,1
278,1,15/10/2019,04/02/2020,14/09/2020,14,16,49258.47,Aerospace,High,900,1
279,0,14/05/2021,10/09/2021,29/12/2022,0,9,11332.02,Machinery,Low,900,1
280,1,11/01/2020,17/02/2020,20/03/2022,4,64,14090.71,Electronics,Medium,900,1
281,0,24/07/2020,06/12/2020,03/07/2022,15,21,13290.12,Machinery,Low,900,1
282,1,05/08/2021,06/12/2021,08/08/2024,18,89,45229.54,Automotive,Medium,900,1
283,1,26/05/2020,23/06/2020,17/02/2023,3,81,34443.16,Automotive,Medium,900,1
284,0,04/06/2019,04/07/2019,22/08/2021,2,49,11844.69,Electronics,Medium,900,1
285,0,26/06/2021,26/09/2021,22/01/2024,16,13,24814.55,Aerospace,Medium,900,1
286,0,01/02/2022,16/07/2022,29/07/2023,16,63,32688.41,Automotive,High,900,1
287,0,20/07/2019,05/09/2019,10/10/2021,11,46,8755.88,Machinery,Low,900,1
288,0,14/04/2019,10/05/2019,06/11/2019,13,28,44708.74,Machinery,Low,900,1
289,0,28/08/2022,09/10/2022,22/09/2024,5,75,41162.16,Electronics,High,856,0
290,0,12/01/2022,02/04/2022,25/12/2024,2,35,27734.3,Automotive,Medium,900,1
291,1,31/01/2019,19/07/2019,15/07/2020,8,51,48520.7,Machinery,High,900,1
292,0,11/07/2019,30/12/2019,10/03/2021,4,75,23799.24,Electronics,Medium,900,1
293,0,29/04/2020,05/10/2020,25/08/2022,16,6,49284.96,Machinery,High,900,1
294,1,07/12/2019,05/05/2020,15/02/2021,13,28,35056.4,Machinery,Medium,900,1
295,0,12/04/2021,14/07/2021,24/04/2022,2,10,33560.21,Machinery,Medium,900,1
296,0,21/09/2021,06/01/2022,21/07/2022,0,32,12467.97,Electronics,High,900,1
297,0,12/09/2021,21/02/2022,24/08/2023,19,5,44686.75,Automotive,Medium,900,1
298,1,13/03/2020,05/08/2020,09/03/2021,0,78,24237.04,Electronics,Low,900,1
299,1,01/04/2021,25/06/2021,02/12/2022,2,31,12300.5,Electronics,Low,900,1
300,0,01/05/2019,04/09/2019,07/12/2021,17,50,5567.34,Machinery,Low,900,1
301,1,04/12/2019,21/04/2020,02/03/2022,9,74,30189.01,Automotive,Low,900,1
302,1,15/02/2021,29/07/2021,14/10/2022,2,57,28732.98,Automotive,Low,900,1
303,1,05/01/2019,05/05/2019,01/09/2020,7,86,37370.91,Machinery,Medium,900,1
304,1,10/03/2021,14/04/2021,01/06/2023,13,25,45061.61,Machinery,Medium,900,1
305,1,27/06/2020,05/08/2020,19/04/2022,17,45,8573.3,Energy,Medium,900,1
306,0,20/07/2021,13/01/2022,03/10/2024,14,28,37917.34,Machinery,Medium,900,1
307,0,07/08/2020,30/01/2021,26/07/2022,1,3,13433.54,Electronics,Low,900,1
308,0,16/05/2021,14/10/2021,27/01/2024,9,80,43617.97,Electronics,Low,900,1
309,1,27/11/2022,31/01/2023,02/10/2024,1,12,41857.86,Machinery,Low,765,0
310,1,12/02/2022,12/06/2022,09/11/2024,16,38,29335.72,Electronics,Medium,900,1
311,1,17/09/2022,20/01/2023,29/01/2025,7,14,36960.93,Electronics,Low,836,0
312,1,23/09/2021,30/11/2021,23/05/2024,0,28,19145.76,Automotive,Low,900,1
313,0,14/11/2019,08/03/2020,16/12/2020,8,28,26202.56,Aerospace,Medium,900,1
314,1,24/01/2020,29/04/2020,17/08/2022,10,74,41973.66,Machinery,High,900,1
315,1,30/08/2020,03/01/2021,12/11/2021,15,31,25666.93,Automotive,Low,900,1
316,1,21/03/2020,11/07/2020,06/08/2022,6,1,21100.92,Automotive,Medium,900,1
317,1,30/04/2019,24/08/2019,03/12/2021,9,46,27239.56,Aerospace,Medium,900,1
318,1,01/04/2022,05/05/2022,05/03/2024,2,77,42271.22,Automotive,Medium,900,1
319,0,15/01/2022,15/04/2022,24/11/2024,17,83,20084.36,Automotive,High,900,1
320,1,05/05/2019,01/09/2019,14/01/2022,12,21,12819.27,Aerospace,Low,900,1
321,0,04/10/2020,02/01/2021,25/05/2021,6,74,37040.63,Energy,Low,900,1
322,1,28/04/2019,25/10/2019,14/06/2021,3,26,42169.02,Electronics,High,900,1
323,1,13/04/2019,27/06/2019,25/11/2020,12,66,9528.69,Automotive,Medium,900,1
324,0,11/04/2022,25/07/2022,16/03/2024,19,80,15794.34,Automotive,Medium,900,1
325,1,03/09/2021,22/10/2021,11/12/2023,0,55,11388.74,Electronics,Medium,900,1
326,0,26/10/2021,06/03/2022,10/05/2023,7,20,20657.36,Aerospace,Medium,900,1
327,0,23/12/2021,19/01/2022,07/06/2022,13,46,25265.79,Machinery,High,900,1
328,0,19/11/2019,22/12/2019,16/09/2022,15,79,38697.19,Electronics,High,900,1
329,1,27/04/2019,28/05/2019,23/02/2021,13,58,34301.64,Machinery,Medium,900,1
330,1,06/11/2021,09/12/2021,01/06/2022,11,83,32941.79,Automotive,Low,900,1
331,1,14/06/2019,12/10/2019,12/02/2020,18,5,20856.87,Electronics,High,900,1
332,0,16/01/2020,19/02/2020,15/08/2022,14,18,42865.14,Automotive,Low,900,1
333,1,21/05/2019,03/09/2019,15/05/2021,1,56,26207.92,Energy,Low,900,1
334,1,03/05/2022,15/06/2022,23/02/2025,1,68,49059.72,Electronics,High,900,1
335,0,20/05/2019,19/10/2019,18/05/2021,18,2,33536.4,Aerospace,Low,900,1
336,0,14/10/2022,08/11/2022,02/08/2023,16,0,10681.91,Automotive,Low,809,0
337,0,26/04/2020,03/10/2020,11/07/2022,19,57,35427.99,Automotive,Low,900,1
338,1,06/04/2021,06/09/2021,08/05/2023,9,37,19629.68,Electronics,High,900,1
339,1,03/09/2019,03/02/2020,03/09/2020,5,14,35884.72,Automotive,Medium,900,1
340,1,12/03/2022,14/06/2022,28/01/2023,14,33,8133.85,Electronics,Medium,900,1
341,0,19/05/2020,29/06/2020,29/07/2021,10,60,12869.66,Automotive,Low,900,1
342,1,31/03/2022,24/07/2022,12/02/2025,4,34,43508.18,Electronics,Medium,900,1
343,0,02/05/2022,10/08/2022,24/03/2024,0,63,15223.08,Machinery,Medium,900,1
344,0,23/03/2019,19/09/2019,12/02/2021,7,24,42666.85,Machinery,Low,900,1
345,1,22/06/2022,18/10/2022,15/04/2023,11,23,17567.42,Machinery,Medium,900,1
346,0,17/06/2019,10/07/2019,04/08/2021,11,11,33929.69,Automotive,Low,900,1
347,1,08/05/2021,30/07/2021,26/04/2022,4,17,36236.78,Automotive,High,900,1
348,0,08/09/2022,18/02/2023,22/04/2025,6,14,28069.46,Electronics,Medium,845,0
349,1,10/04/2022,08/07/2022,25/04/2024,3,79,18738.98,Aerospace,High,900,1
350,0,03/03/2022,11/06/2022,23/12/2023,5,26,14569,Aerospace,Low,900,1
351,1,06/12/2021,11/01/2022,13/06/2022,12,71,6493.52,Automotive,Medium,900,1
352,0,09/10/2020,15/03/2021,20/11/2023,19,59,18677.59,Automotive,Medium,900,1
353,0,18/06/2020,04/11/2020,09/06/2022,14,45,34392.33,Automotive,Medium,900,1
354,1,23/02/2020,27/04/2020,25/09/2021,2,88,47223.72,Machinery,High,900,1
355,0,03/10/2022,21/11/2022,27/04/2025,7,16,44204.2,Automotive,Low,820,0
356,1,05/10/2020,01/04/2021,26/07/2021,19,52,39472.91,Electronics,Low,900,1
357,1,03/05/2020,13/09/2020,19/02/2022,15,7,40480.13,Automotive,Medium,900,1
358,0,27/06/2020,02/09/2020,16/03/2021,12,78,34924.32,Electronics,Medium,900,1
359,0,21/03/2021,27/04/2021,03/12/2022,17,26,16712.91,Aerospace,Medium,900,1
360,1,26/09/2019,03/01/2020,02/05/2021,9,45,45823.78,Machinery,Low,900,1
361,1,07/10/2022,08/03/2023,16/08/2024,18,49,35182.95,Machinery,Medium,816,0
362,1,14/08/2022,26/11/2022,24/08/2024,16,70,30219.83,Aerospace,Low,870,0
363,1,06/09/2020,15/10/2020,11/02/2021,18,2,9994.53,Energy,Medium,900,1
364,1,25/07/2021,14/10/2021,08/07/2023,4,63,25117.5,Energy,Medium,900,1
365,0,09/10/2020,14/03/2021,29/08/2022,8,43,25716.12,Machinery,Medium,900,1
366,1,29/05/2019,04/08/2019,21/08/2021,11,52,43905.36,Machinery,Low,900,1
367,1,20/01/2019,19/05/2019,21/10/2021,0,23,29599.17,Automotive,Medium,900,1
368,0,27/07/2021,27/12/2021,06/01/2023,0,59,22118.02,Electronics,Low,900,1
369,0,26/06/2022,12/12/2022,19/02/2025,14,2,48956.01,Automotive,Low,900,1
370,0,27/02/2022,13/08/2022,03/11/2022,1,19,9982.43,Automotive,Medium,900,1
371,0,24/07/2019,14/01/2020,23/04/2021,15,45,24014.68,Energy,High,900,1
372,1,31/05/2019,30/10/2019,14/09/2020,7,14,6891.11,Aerospace,Low,900,1
373,0,06/01/2022,22/01/2022,06/07/2024,12,24,38295.69,Machinery,Medium,900,1
374,0,12/03/2020,24/08/2020,26/10/2020,0,77,46313.44,Machinery,High,900,1
375,0,02/11/2021,29/04/2022,30/07/2024,15,70,17601.68,Machinery,High,900,1
376,1,27/06/2020,13/09/2020,23/06/2021,6,16,43625.38,Energy,Low,900,1
377,1,29/09/2019,16/10/2019,29/07/2021,4,83,18149.82,Automotive,High,900,1
378,0,15/12/2020,09/02/2021,23/06/2021,2,8,45984.66,Automotive,Low,900,1
379,0,21/05/2019,08/08/2019,22/11/2019,11,37,38928.29,Aerospace,Low,900,1
380,1,15/05/2020,12/08/2020,18/12/2021,15,47,41220.8,Automotive,Low,900,1
381,1,26/01/2021,02/05/2021,18/06/2022,18,59,5810.3,Automotive,Medium,900,1
382,0,06/08/2020,13/11/2020,30/12/2022,4,62,48326.47,Aerospace,Low,900,1
383,0,20/11/2019,01/12/2019,04/04/2020,13,85,37700.19,Machinery,Low,900,1
384,0,16/06/2021,11/08/2021,17/04/2023,4,1,18713.8,Electronics,Low,900,1
385,0,17/01/2022,04/03/2022,03/07/2022,14,87,42322.76,Aerospace,High,900,1
386,1,11/12/2022,14/05/2023,13/01/2026,16,71,17668.45,Electronics,High,751,0
387,1,11/09/2020,08/03/2021,16/07/2021,13,10,44273.92,Automotive,Low,900,1
388,0,06/06/2022,26/09/2022,22/03/2024,19,63,10066.12,Automotive,High,900,1
389,1,01/09/2022,28/09/2022,29/12/2022,4,76,36665.87,Machinery,High,852,0
390,0,19/12/2021,03/02/2022,22/01/2023,11,80,29331.43,Electronics,Medium,900,1
391,1,17/01/2019,08/07/2019,28/10/2020,15,71,9344.05,Machinery,Low,900,1
392,1,29/09/2022,16/10/2022,17/06/2023,15,20,15885.22,Automotive,Medium,824,0
393,0,09/02/2022,14/03/2022,08/07/2024,6,17,5558.18,Machinery,High,900,1
394,0,05/09/2020,28/01/2021,14/08/2021,3,63,26094.56,Electronics,Medium,900,1
395,1,20/09/2022,24/11/2022,17/03/2025,0,81,18556.94,Electronics,Low,833,0
396,0,01/08/2019,15/11/2019,31/10/2021,4,37,31926.09,Electronics,Medium,900,1
397,0,03/10/2019,28/01/2020,13/04/2022,9,31,18375.7,Machinery,Medium,900,1
398,1,25/06/2020,29/10/2020,20/10/2022,4,10,18496.36,Electronics,Medium,900,1
399,1,25/08/2019,30/11/2019,03/04/2021,3,44,38443.69,Electronics,Low,900,1
400,0,08/08/2019,27/09/2019,13/12/2020,1,88,7166.43,Energy,Low,900,1
401,1,07/02/2022,22/05/2022,18/01/2025,19,32,45630.27,Machinery,High,900,1
402,0,15/11/2019,12/02/2020,08/05/2021,9,40,43351.87,Aerospace,High,900,1
403,1,11/07/2020,12/10/2020,15/03/2022,18,7,35051.21,Machinery,Low,900,1
404,1,31/07/2020,02/01/2021,10/08/2023,0,10,31694.97,Aerospace,High,900,1
405,1,23/05/2022,01/11/2022,27/07/2025,4,85,45153.61,Automotive,Low,900,1
406,0,07/03/2020,07/04/2020,21/12/2022,12,50,13339.86,Electronics,Medium,900,1
407,1,03/12/2020,26/12/2020,17/03/2022,3,87,8553.61,Energy,Medium,900,1
408,1,21/02/2020,10/04/2020,28/06/2021,15,40,15777.96,Energy,High,900,1
409,0,08/11/2022,28/12/2022,19/05/2023,15,16,40756.02,Aerospace,High,784,0
410,0,22/07/2022,06/01/2023,03/02/2025,1,75,6560.16,Electronics,Low,893,0
411,0,24/06/2020,16/07/2020,23/07/2022,16,45,31226.31,Automotive,High,900,1
412,0,01/11/2021,01/12/2021,13/07/2024,19,31,49794.69,Energy,Low,900,1
413,1,27/09/2021,15/12/2021,19/08/2023,11,78,43506.32,Energy,Medium,900,1
414,0,29/05/2020,29/09/2020,13/04/2021,17,79,28465.06,Electronics,Medium,900,1
415,0,15/04/2019,11/10/2019,09/10/2021,2,53,7863.84,Machinery,Medium,900,1
416,1,09/07/2019,04/11/2019,01/06/2022,0,85,42411.81,Machinery,Low,900,1
417,0,23/07/2022,04/12/2022,24/01/2024,0,19,31954.03,Electronics,High,892,0
418,1,17/05/2021,29/10/2021,28/04/2022,18,32,10171.98,Automotive,Low,900,1
419,0,20/07/2020,20/11/2020,20/07/2021,10,73,9223.58,Aerospace,Low,900,1
420,1,01/04/2019,26/07/2019,27/03/2021,4,39,45933.21,Electronics,Medium,900,1
421,1,08/01/2019,28/03/2019,02/07/2020,11,31,35114.01,Electronics,Medium,900,1
422,1,14/11/2020,18/01/2021,11/09/2022,2,1,42317.91,Aerospace,High,900,1
423,0,25/09/2019,13/02/2020,21/08/2020,0,32,44554.05,Energy,Low,900,1
424,1,28/07/2022,05/09/2022,18/11/2024,0,76,30729.76,Automotive,Low,887,0
425,0,20/06/2020,26/09/2020,11/07/2021,7,29,28285.09,Electronics,High,900,1
426,0,27/11/2019,26/03/2020,26/09/2022,9,32,24369.23,Electronics,Medium,900,1
427,0,23/06/2021,31/07/2021,02/10/2021,10,76,19262.6,Electronics,Low,900,1
428,1,03/02/2022,26/04/2022,07/08/2024,11,25,24556.82,Electronics,Medium,900,1
429,0,16/12/2022,26/05/2023,17/08/2023,12,21,39824.58,Automotive,Medium,746,0
430,1,25/05/2021,06/10/2021,06/10/2022,11,65,32086.55,Automotive,Medium,900,1
431,0,22/02/2022,16/07/2022,01/01/2024,13,37,45163.55,Electronics,Medium,900,1
432,0,20/01/2019,19/07/2019,06/08/2021,1,89,24952.1,Electronics,High,900,1
433,1,18/08/2019,14/11/2019,18/01/2022,18,45,32319.03,Automotive,High,900,1
434,0,04/06/2019,25/06/2019,03/03/2021,17,14,33408.84,Machinery,Medium,900,1
435,1,16/11/2022,21/01/2023,29/05/2024,2,43,31626.37,Aerospace,Low,776,0
436,0,02/11/2019,21/02/2020,17/10/2021,16,48,36618.52,Electronics,High,900,1
437,1,22/01/2022,04/07/2022,25/09/2023,7,74,15684.51,Machinery,Medium,900,1
438,1,15/03/2019,08/04/2019,27/09/2021,9,60,28056.37,Automotive,Medium,900,1
439,0,26/01/2021,06/02/2021,28/11/2021,1,66,9690.12,Automotive,Low,900,1
440,0,07/04/2022,08/06/2022,17/04/2023,18,5,22303.01,Machinery,High,900,1
441,1,05/02/2022,03/05/2022,16/10/2023,8,8,26945.02,Electronics,Medium,900,1
442,1,31/10/2019,03/01/2020,20/02/2021,6,5,34350.09,Electronics,Low,900,1
443,0,30/05/2021,14/07/2021,17/02/2022,3,72,47773.9,Machinery,Medium,900,1
444,0,19/09/2019,03/12/2019,09/11/2020,17,31,32029.3,Machinery,High,900,1
445,1,27/03/2019,19/06/2019,27/02/2020,12,40,38461.73,Energy,Low,900,1
446,1,23/09/2020,25/12/2020,08/08/2023,10,75,27781.97,Electronics,High,900,1
447,0,16/01/2021,25/02/2021,08/05/2023,3,7,33534.68,Aerospace,Medium,900,1
448,0,23/03/2019,03/04/2019,24/07/2021,3,71,8191.95,Aerospace,Medium,900,1
449,0,02/01/2021,19/05/2021,10/11/2021,9,49,16447.62,Automotive,Low,900,1
450,1,06/03/2020,04/07/2020,04/10/2020,4,61,21283.39,Electronics,Low,900,1
451,0,28/10/2022,21/12/2022,27/05/2025,8,83,26262.2,Automotive,High,795,0
452,1,26/05/2020,08/07/2020,14/07/2022,2,61,7054.19,Energy,Low,900,1
453,0,27/09/2022,12/01/2023,15/05/2024,16,6,11301.08,Electronics,Medium,826,0
454,0,30/07/2019,23/12/2019,11/11/2021,2,74,17456.64,Electronics,Low,900,1
455,1,25/12/2020,03/03/2021,25/06/2023,15,83,48718.97,Aerospace,Low,900,1
456,1,20/02/2022,08/07/2022,26/02/2025,3,79,19910.62,Automotive,Low,900,1
457,1,12/04/2021,12/09/2021,09/05/2024,17,3,26691.85,Automotive,Medium,900,1
458,0,25/06/2022,03/10/2022,18/12/2022,16,5,13824.4,Aerospace,High,900,1
459,1,13/11/2019,11/12/2019,12/10/2020,6,57,32485.1,Automotive,Low,900,1
460,1,29/04/2020,18/08/2020,16/05/2021,4,21,17630.74,Electronics,Low,900,1
461,0,29/11/2019,19/12/2019,25/04/2020,11,25,14314.67,Machinery,Low,900,1
462,0,29/12/2019,28/04/2020,08/10/2020,16,2,28245.77,Machinery,Medium,900,1
463,0,24/04/2021,08/05/2021,07/03/2023,12,40,5247.76,Electronics,Medium,900,1
464,0,20/02/2019,27/06/2019,29/09/2019,2,59,5344.88,Automotive,High,900,1
465,1,03/01/2020,01/02/2020,02/07/2021,8,13,14858.1,Machinery,Medium,900,1
466,0,11/11/2020,09/02/2021,13/12/2022,16,74,6652.46,Machinery,Medium,900,1
467,1,23/04/2021,27/09/2021,15/10/2023,16,81,9861.16,Automotive,Low,900,1
468,1,03/10/2022,30/01/2023,20/03/2025,19,11,20248.73,Machinery,High,820,0
469,1,23/05/2020,26/10/2020,06/06/2023,15,86,41116.36,Automotive,Low,900,1
470,1,30/06/2020,21/10/2020,07/02/2021,12,11,30742.19,Machinery,Low,900,1
471,0,23/11/2019,14/05/2020,20/03/2021,18,12,28070.05,Energy,Medium,900,1
472,0,07/12/2022,02/04/2023,28/06/2025,16,24,18207,Automotive,Medium,755,0
473,0,10/08/2019,02/11/2019,15/02/2020,3,44,46928.92,Machinery,Medium,900,1
474,1,22/02/2021,02/04/2021,17/07/2022,11,18,22865.68,Electronics,Medium,900,1
475,0,21/03/2019,12/07/2019,02/12/2020,8,54,8919.17,Energy,Medium,900,1
476,1,21/08/2021,05/09/2021,01/07/2022,18,44,32767.99,Aerospace,Low,900,1
477,0,31/03/2020,02/07/2020,06/03/2022,11,7,10122.73,Machinery,High,900,1
478,0,13/02/2020,06/04/2020,13/01/2021,8,52,20535.04,Automotive,Medium,900,1
479,0,31/07/2021,15/01/2022,26/04/2024,6,54,27833.54,Aerospace,Medium,900,1
480,1,17/12/2020,23/04/2021,23/11/2023,13,31,44340.01,Automotive,Medium,900,1
481,1,17/09/2020,28/12/2020,01/05/2023,19,50,27209.6,Energy,Low,900,1
482,0,11/04/2020,13/05/2020,07/09/2020,18,43,36601.64,Machinery,Medium,900,1
483,1,01/04/2020,31/07/2020,19/02/2021,14,81,49676.76,Machinery,Medium,900,1
484,0,18/02/2019,27/03/2019,22/10/2020,15,69,10917.01,Energy,Low,900,1
485,1,13/09/2022,24/11/2022,15/11/2023,4,17,17362.92,Automotive,Medium,840,0
486,1,31/01/2020,31/05/2020,26/03/2021,2,82,22755.92,Aerospace,High,900,1
487,0,27/03/2021,03/09/2021,15/02/2024,11,21,23982.27,Automotive,Medium,900,1
488,1,03/11/2020,23/02/2021,18/11/2023,19,36,23495.95,Automotive,High,900,1
489,0,24/07/2020,15/12/2020,04/03/2023,3,55,45842.5,Automotive,Low,900,1
490,1,23/05/2019,22/06/2019,01/04/2021,15,58,37131.47,Aerospace,Low,900,1
491,0,25/07/2020,13/11/2020,04/12/2021,6,2,32355.73,Automotive,Low,900,1
492,1,20/12/2020,19/03/2021,30/12/2022,12,27,18921.77,Automotive,Medium,900,1
493,0,06/08/2022,10/11/2022,12/09/2024,9,73,42070.57,Automotive,Low,878,0
494,1,09/11/2021,14/01/2022,14/05/2024,6,34,47977.72,Automotive,Low,900,1
495,1,29/03/2021,02/07/2021,20/07/2023,13,60,41953.92,Energy,High,900,1
496,1,23/10/2022,15/12/2022,31/05/2025,4,53,5070.43,Machinery,High,800,0
497,1,03/01/2022,01/02/2022,24/02/2023,2,62,33638.06,Energy,Medium,900,1
498,1,09/11/2020,29/03/2021,25/01/2022,10,78,7301.09,Aerospace,Low,900,1
499,0,26/02/2019,17/08/2019,20/08/2020,10,6,16592.32,Automotive,Low,900,1
500,0,25/08/2019,03/10/2019,17/05/2022,17,75,7678.61,Machinery,Low,900,1
501,0,18/06/2020,10/11/2020,04/06/2021,14,48,32170.8,Aerospace,Medium,900,1
502,1,01/01/2020,20/05/2020,26/05/2022,11,84,35896.55,Automotive,High,900,1
503,0,04/04/2022,02/06/2022,16/01/2024,8,30,10151.94,Automotive,Medium,900,1
504,1,27/06/2020,04/10/2020,17/07/2021,9,57,22272.75,Automotive,Low,900,1
505,1,20/03/2019,27/06/2019,22/10/2020,11,60,25530.64,Automotive,Medium,900,1
506,0,11/08/2019,02/02/2020,03/02/2021,16,23,21607.39,Aerospace,Low,900,1
507,0,06/05/2022,22/06/2022,29/05/2023,5,19,10446.13,Electronics,Low,900,1
508,0,08/06/2021,17/08/2021,17/12/2021,6,36,23852.65,Automotive,Medium,900,1
509,0,08/12/2020,13/01/2021,05/10/2022,13,3,38803.01,Automotive,Medium,900,1
510,0,04/10/2020,20/11/2020,16/09/2022,12,19,8195.34,Machinery,Low,900,1
511,0,12/06/2021,26/08/2021,12/04/2024,7,59,8608.1,Automotive,Low,900,1
512,1,26/05/2022,25/07/2022,14/10/2024,9,23,20964.71,Aerospace,High,900,1
513,1,13/11/2021,06/01/2022,25/09/2024,8,49,47377.66,Machinery,Low,900,1
514,0,25/08/2019,05/02/2020,01/10/2020,17,48,35085.77,Automotive,Low,900,1
515,0,27/02/2021,17/04/2021,19/03/2023,1,50,35540.15,Automotive,Low,900,1
516,0,26/03/2022,19/09/2022,13/10/2024,4,35,21286.4,Aerospace,Low,900,1
517,1,25/01/2020,23/02/2020,04/07/2021,4,65,31714.74,Aerospace,Low,900,1
518,1,05/06/2020,30/07/2020,20/04/2022,5,78,5455.9,Electronics,High,900,1
519,0,01/04/2019,18/09/2019,07/04/2021,18,33,33624.32,Machinery,Low,900,1
520,0,22/12/2022,07/05/2023,23/08/2023,7,35,46097.91,Automotive,Medium,740,0
521,1,12/06/2021,18/10/2021,04/12/2022,15,5,32565.81,Electronics,Medium,900,1
522,1,04/01/2019,07/06/2019,25/05/2021,12,38,44316.44,Electronics,Medium,900,1
523,0,30/11/2021,07/05/2022,23/05/2024,0,41,37578.79,Automotive,High,900,1
524,1,07/01/2022,11/05/2022,04/08/2023,19,57,10425.13,Electronics,High,900,1
525,0,07/11/2022,10/04/2023,21/08/2025,16,11,45610.4,Automotive,Low,785,0
526,0,05/10/2022,28/03/2023,14/11/2024,6,2,7989.97,Aerospace,Medium,818,0
527,1,08/02/2020,29/07/2020,19/08/2021,12,17,29028.54,Automotive,Medium,900,1
528,1,15/01/2021,03/07/2021,15/08/2023,3,39,11396.17,Aerospace,High,900,1
529,0,02/06/2021,02/09/2021,01/01/2023,3,20,5526.8,Aerospace,Medium,900,1
530,1,24/05/2019,10/11/2019,02/03/2021,5,14,23991.54,Machinery,High,900,1
531,0,22/09/2022,21/12/2022,21/07/2023,18,25,18276.83,Automotive,Medium,831,0
532,1,07/11/2020,25/12/2020,27/12/2021,11,7,26870.02,Aerospace,Low,900,1
533,0,30/06/2022,30/10/2022,18/01/2024,6,86,30973.99,Aerospace,Medium,900,1
534,1,04/10/2020,31/10/2020,06/07/2021,9,41,6968.26,Machinery,High,900,1
535,1,20/09/2022,28/01/2023,09/05/2025,18,43,10535.15,Electronics,High,833,0
536,0,13/09/2019,14/01/2020,15/09/2021,6,13,30138.91,Electronics,Low,900,1
537,1,07/09/2020,25/02/2021,23/08/2022,2,77,20442.53,Machinery,Medium,900,1
538,1,04/11/2021,30/01/2022,02/12/2022,12,1,37812.81,Machinery,Low,900,1
539,1,25/09/2020,14/12/2020,01/07/2023,12,36,34353.12,Aerospace,Low,900,1
540,0,27/09/2022,07/03/2023,22/12/2023,17,68,43052.2,Electronics,Medium,826,0
541,1,16/04/2021,10/05/2021,12/05/2022,19,37,36162.18,Machinery,Low,900,1
542,1,30/10/2020,07/02/2021,03/09/2023,7,40,24346.9,Energy,High,900,1
543,0,04/04/2021,21/08/2021,14/10/2023,8,61,35283.5,Machinery,Low,900,1
544,1,28/11/2022,26/12/2022,21/07/2023,6,59,17392.15,Aerospace,High,764,0
545,0,28/08/2020,25/11/2020,29/04/2023,0,13,18784.11,Automotive,Low,900,1
546,0,09/02/2022,17/06/2022,03/12/2023,2,88,40504.33,Aerospace,Low,900,1
547,1,18/09/2019,21/01/2020,13/10/2022,12,83,25088.88,Machinery,Low,900,1
548,1,28/01/2020,16/02/2020,14/06/2020,16,1,40927.12,Aerospace,Low,900,1
549,1,11/05/2021,04/06/2021,01/03/2023,0,69,42009.01,Aerospace,Low,900,1
550,0,23/09/2022,05/01/2023,01/05/2024,5,16,43590.31,Machinery,Low,830,0
551,1,15/02/2021,09/05/2021,07/09/2022,5,88,46248.59,Aerospace,Medium,900,1
552,0,19/10/2022,17/11/2022,08/08/2024,11,27,24394.33,Machinery,Low,804,0
553,0,23/12/2019,15/06/2020,07/02/2022,12,65,19349.01,Aerospace,Medium,900,1
554,0,14/06/2022,17/07/2022,30/01/2023,12,34,31198.94,Aerospace,Low,900,1
555,1,11/03/2022,25/08/2022,25/11/2023,14,4,21702.76,Aerospace,High,900,1
556,1,08/09/2020,17/02/2021,22/12/2021,15,64,32048.34,Machinery,High,900,1
557,1,11/04/2021,28/08/2021,15/07/2022,10,39,36751.36,Automotive,Medium,900,1
558,1,27/01/2022,15/05/2022,07/02/2023,4,75,35978.23,Automotive,Low,900,1
559,0,01/01/2019,09/05/2019,10/06/2020,3,55,21854.88,Energy,Low,900,1
560,1,14/09/2020,19/02/2021,11/02/2023,2,35,12508.71,Automotive,High,900,1
561,0,10/08/2020,08/01/2021,28/05/2021,18,44,24373.82,Electronics,Low,900,1
562,0,06/03/2020,26/03/2020,28/08/2021,19,22,11416.74,Electronics,Low,900,1
563,0,30/05/2021,02/10/2021,16/04/2024,17,46,45054.37,Aerospace,Low,900,1
564,1,02/04/2022,05/09/2022,18/11/2023,14,30,20564.49,Electronics,Low,900,1
565,1,27/05/2022,19/11/2022,22/04/2023,8,10,11950.69,Automotive,Low,900,1
566,1,02/09/2022,30/10/2022,29/06/2024,16,9,6145.15,Electronics,Medium,851,0
567,0,21/10/2020,21/01/2021,02/04/2023,13,66,34062.01,Aerospace,Low,900,1
568,0,10/08/2021,21/01/2022,18/07/2024,14,13,33660.6,Electronics,Medium,900,1
569,1,23/06/2021,01/11/2021,14/07/2022,0,79,20327.19,Automotive,Low,900,1
570,0,24/06/2021,09/11/2021,01/03/2022,2,73,8227.03,Electronics,Low,900,1
571,1,15/10/2022,02/12/2022,01/11/2023,15,9,23433.3,Automotive,High,808,0
572,1,13/03/2020,07/04/2020,27/06/2021,10,75,19004.79,Automotive,Low,900,1
573,0,12/11/2021,17/03/2022,04/04/2024,11,0,35470.43,Automotive,High,900,1
574,1,27/08/2021,02/10/2021,12/08/2023,9,4,32260.07,Automotive,Medium,900,1
575,1,14/12/2019,20/03/2020,26/01/2022,15,19,21406.72,Machinery,Low,900,1
576,0,11/09/2022,12/10/2022,20/01/2023,7,7,14805.16,Automotive,High,842,0
577,1,23/06/2019,09/11/2019,20/06/2022,5,42,49461.62,Energy,Low,900,1
578,0,04/08/2020,26/01/2021,09/06/2021,11,75,25430.07,Energy,High,900,1
579,1,21/11/2021,14/01/2022,23/09/2022,7,0,35972.34,Electronics,Low,900,1
580,1,21/09/2022,11/10/2022,12/03/2025,3,56,11324.88,Automotive,High,832,0
581,1,20/07/2022,01/10/2022,17/01/2025,7,63,26851.54,Aerospace,Low,895,0
582,1,22/06/2022,22/10/2022,13/08/2024,17,83,6239.15,Machinery,Medium,900,1
583,0,17/11/2020,19/03/2021,29/05/2023,4,27,27745.48,Aerospace,Medium,900,1
584,1,11/07/2019,02/12/2019,18/12/2021,8,36,48380.78,Automotive,High,900,1
585,0,26/04/2020,16/09/2020,10/06/2022,3,46,22289.3,Electronics,High,900,1
586,1,09/10/2022,24/03/2023,31/12/2023,16,75,6754.82,Machinery,High,814,0
587,1,27/09/2020,16/11/2020,20/05/2022,8,36,6393.01,Machinery,High,900,1
588,0,05/04/2020,17/07/2020,16/04/2021,0,48,22459.4,Automotive,Low,900,1
589,0,12/02/2020,27/05/2020,02/01/2023,19,43,12201.12,Electronics,Low,900,1
590,1,29/10/2019,19/01/2020,03/10/2022,12,55,6050.84,Automotive,Low,900,1
591,1,20/02/2019,09/06/2019,13/07/2020,15,27,39029.61,Automotive,Low,900,1
592,0,05/04/2019,28/07/2019,01/08/2020,12,78,25633.54,Machinery,Low,900,1
593,0,16/05/2020,20/08/2020,07/05/2023,13,5,18016.01,Automotive,Medium,900,1
594,0,31/08/2021,10/02/2022,26/04/2022,2,60,45503.74,Automotive,Low,900,1
595,1,05/06/2022,28/06/2022,31/03/2023,5,19,10226.25,Automotive,Medium,900,1
596,0,30/05/2019,17/11/2019,28/07/2020,17,77,48016.35,Machinery,Low,900,1
597,1,21/07/2021,12/01/2022,10/04/2024,18,1,19128.5,Machinery,Low,900,1
598,0,28/04/2021,01/08/2021,28/01/2022,4,72,44978.17,Electronics,Medium,900,1
599,1,13/07/2022,08/08/2022,09/11/2024,14,36,32132.43,Machinery,Medium,900,1
600,0,24/03/2022,26/06/2022,05/10/2024,1,19,42201.83,Automotive,Medium,900,1
601,1,03/02/2020,08/03/2020,09/09/2021,9,25,49280.59,Aerospace,Medium,900,1
602,0,27/11/2022,28/04/2023,18/01/2026,17,28,17978.24,Aerospace,Low,765,0
603,1,25/02/2021,13/06/2021,17/04/2022,12,0,48251.1,Automotive,Medium,900,1
604,0,09/10/2021,30/12/2021,10/02/2024,4,34,22526.69,Aerospace,Low,900,1
605,1,29/03/2021,11/06/2021,20/04/2023,0,69,22348.04,Energy,Low,900,1
606,1,14/05/2020,08/11/2020,28/12/2022,0,58,20317.42,Automotive,Medium,900,1
607,0,30/10/2019,11/04/2020,05/01/2021,17,68,29363.34,Automotive,Low,900,1
608,1,05/09/2022,23/10/2022,01/02/2024,14,32,11936.53,Automotive,Low,848,0
609,1,09/11/2022,12/02/2023,05/11/2025,16,50,29917.02,Automotive,High,783,0
610,0,12/01/2019,11/02/2019,13/12/2019,10,77,29376.72,Energy,High,900,1
611,0,07/08/2019,13/01/2020,29/09/2021,16,11,39285.58,Aerospace,Low,900,1
612,0,20/05/2021,15/11/2021,09/12/2022,12,19,42514.25,Aerospace,Low,900,1
613,1,24/03/2020,09/05/2020,10/09/2022,0,52,24819.86,Machinery,Low,900,1
614,1,27/12/2019,04/04/2020,19/03/2021,1,87,18605,Automotive,Low,900,1
615,0,26/11/2022,23/02/2023,17/05/2024,8,42,16670.07,Aerospace,High,766,0
616,1,26/11/2021,22/05/2022,10/11/2023,2,88,13758.07,Aerospace,Low,900,1
617,1,09/08/2021,04/02/2022,03/10/2023,0,49,7594.14,Electronics,Medium,900,1
618,1,13/04/2019,01/08/2019,25/07/2021,15,28,20410.16,Energy,Low,900,1
619,1,15/02/2022,30/03/2022,31/05/2023,5,56,17161.15,Machinery,High,900,1
620,1,25/05/2020,03/11/2020,13/11/2021,16,38,48488.78,Aerospace,Low,900,1
621,1,06/09/2019,07/10/2019,29/08/2020,4,55,30096.9,Machinery,Medium,900,1
622,0,23/07/2021,20/10/2021,22/12/2022,4,42,20627.47,Automotive,Low,900,1
623,1,01/10/2019,02/03/2020,08/10/2021,5,49,31121.04,Automotive,Medium,900,1
624,0,09/08/2021,23/11/2021,13/07/2024,2,22,11263.85,Automotive,Low,900,1
625,0,29/09/2022,22/03/2023,11/10/2024,4,43,24981.97,Aerospace,Low,824,0
626,0,23/12/2021,27/03/2022,15/09/2023,4,37,33180.54,Electronics,High,900,1
627,1,18/02/2022,01/04/2022,08/09/2022,9,83,27000.4,Electronics,High,900,1
628,1,04/05/2022,25/09/2022,23/02/2025,9,22,23080.05,Energy,High,900,1
629,0,11/10/2020,13/11/2020,21/01/2023,18,44,49723.18,Electronics,Medium,900,1
630,0,25/06/2021,17/12/2021,10/06/2023,16,51,44614.16,Electronics,High,900,1
631,0,08/06/2022,04/10/2022,20/01/2025,13,79,33053.27,Automotive,Low,900,1
632,1,30/10/2021,19/03/2022,23/09/2024,8,49,30621.98,Automotive,Low,900,1
633,0,23/05/2021,02/09/2021,24/09/2022,13,7,32929.72,Electronics,Low,900,1
634,1,27/01/2022,10/02/2022,02/11/2024,0,84,14059.04,Aerospace,Medium,900,1
635,0,02/07/2021,12/10/2021,07/07/2022,18,0,22781.2,Machinery,Low,900,1
636,0,22/11/2019,19/02/2020,03/05/2021,12,7,6775.68,Automotive,Low,900,1
637,0,30/08/2021,25/10/2021,09/11/2022,12,28,26399.57,Automotive,Medium,900,1
638,0,10/07/2021,12/09/2021,08/01/2023,3,4,29436.11,Aerospace,High,900,1
639,1,14/06/2020,19/09/2020,03/01/2021,0,85,15248.74,Automotive,Low,900,1
640,0,21/05/2020,02/10/2020,30/06/2022,16,46,48381.3,Automotive,Low,900,1
641,0,29/07/2022,26/09/2022,27/04/2025,7,33,45925.46,Machinery,Low,886,0
642,0,21/07/2020,26/09/2020,09/07/2021,1,64,37496.45,Automotive,Low,900,1
643,0,03/12/2021,17/01/2022,15/04/2024,7,54,29002.4,Electronics,Low,900,1
644,0,19/09/2021,07/11/2021,04/06/2022,6,89,44148.61,Automotive,Medium,900,1
645,0,07/07/2022,05/08/2022,20/10/2022,1,42,10879.36,Automotive,Medium,900,1
646,1,04/05/2020,28/07/2020,20/06/2021,2,73,40572.94,Aerospace,Medium,900,1
647,1,16/07/2020,20/08/2020,08/05/2022,17,29,10616.94,Machinery,Low,900,1
648,0,19/06/2021,05/11/2021,25/08/2023,11,81,40739.48,Aerospace,High,900,1
649,0,08/06/2019,03/11/2019,17/08/2021,0,16,17409.54,Machinery,Low,900,1
650,1,01/01/2023,25/05/2023,30/07/2025,11,25,44469.08,Automotive,Medium,730,0
651,0,08/08/2020,27/08/2020,27/12/2021,4,7,47481.89,Machinery,High,900,1
652,0,25/04/2020,21/10/2020,18/10/2021,16,46,11695.82,Automotive,Low,900,1
653,0,10/07/2020,14/10/2020,18/05/2021,15,75,25820.4,Electronics,Low,900,1
654,0,18/11/2020,05/05/2021,20/01/2022,14,71,49144.43,Electronics,High,900,1
655,1,16/10/2020,28/11/2020,30/12/2021,14,88,26753.33,Energy,Low,900,1
656,0,11/01/2022,22/06/2022,13/04/2023,4,45,43859.64,Aerospace,Medium,900,1
657,1,15/06/2019,29/09/2019,20/12/2020,13,67,31492.92,Automotive,Low,900,1
658,0,11/10/2019,29/11/2019,02/09/2021,1,32,21889.85,Automotive,Medium,900,1
659,0,05/11/2019,26/12/2019,26/06/2022,10,0,17860.26,Machinery,Low,900,1
660,1,18/04/2020,13/06/2020,20/04/2021,18,18,14145.04,Electronics,Low,900,1
661,0,23/02/2021,11/08/2021,05/03/2023,6,30,39280.92,Machinery,Medium,900,1
662,1,22/11/2022,13/01/2023,27/09/2024,5,79,22394.32,Automotive,Low,770,0
663,0,09/11/2019,10/03/2020,10/03/2022,1,13,28007.4,Aerospace,Low,900,1
664,1,17/12/2022,07/01/2023,06/02/2025,5,52,27154.65,Automotive,Low,745,0
665,0,14/03/2020,07/07/2020,16/08/2021,17,47,30977.56,Energy,Low,900,1
666,1,12/05/2019,23/08/2019,11/07/2020,1,68,43950.97,Electronics,Low,900,1
667,0,29/04/2021,08/07/2021,27/10/2023,17,89,49133.27,Energy,Low,900,1
668,1,14/04/2021,15/08/2021,02/02/2024,14,61,23341.29,Automotive,High,900,1
669,0,08/11/2020,23/04/2021,04/11/2022,18,65,42238.35,Electronics,Low,900,1
670,1,16/01/2022,08/04/2022,16/06/2024,1,63,39403.75,Electronics,Medium,900,1
671,0,12/08/2021,14/12/2021,01/12/2023,19,69,30808.8,Aerospace,Low,900,1
672,1,01/05/2021,09/07/2021,04/10/2023,5,62,48022.12,Machinery,Low,900,1
673,0,08/05/2019,01/10/2019,15/04/2021,0,72,14021.35,Energy,High,900,1
674,0,28/02/2020,09/05/2020,22/10/2021,14,32,9916.89,Machinery,Low,900,1
675,0,10/05/2021,07/08/2021,27/03/2022,9,40,43428.29,Machinery,High,900,1
676,0,08/03/2021,16/07/2021,04/10/2023,18,88,24761.74,Automotive,Low,900,1
677,0,11/04/2022,09/06/2022,30/10/2024,16,47,43113.6,Automotive,Medium,900,1
678,1,25/11/2022,09/03/2023,02/05/2024,4,12,45189.06,Energy,Medium,767,0
679,1,10/02/2019,16/07/2019,05/03/2020,3,72,7810.59,Automotive,High,900,1
680,0,25/03/2022,25/07/2022,13/02/2023,9,76,44755.91,Machinery,Medium,900,1
681,1,18/02/2021,26/06/2021,01/09/2023,16,30,25174.36,Machinery,Medium,900,1
682,1,03/09/2021,24/11/2021,05/08/2023,9,74,27969.46,Electronics,Low,900,1
683,0,13/01/2019,30/04/2019,10/11/2020,16,67,33196.66,Energy,Low,900,1
684,1,21/12/2020,08/05/2021,11/01/2022,19,3,46687.22,Aerospace,High,900,1
685,1,03/09/2020,26/01/2021,21/10/2023,4,18,5860.22,Aerospace,Low,900,1
686,1,09/03/2021,04/07/2021,29/02/2024,1,69,26457.96,Automotive,Low,900,1
687,0,08/05/2021,28/06/2021,05/03/2023,5,81,35947.49,Aerospace,Medium,900,1
688,1,07/01/2022,09/03/2022,24/02/2024,1,12,37521.81,Automotive,Low,900,1
689,0,23/01/2022,06/07/2022,03/11/2022,12,22,36163.96,Aerospace,High,900,1
690,0,20/05/2022,04/07/2022,20/02/2024,10,82,11049.58,Machinery,Medium,900,1
691,0,27/03/2020,09/06/2020,11/09/2020,10,74,18472.8,Energy,Medium,900,1
692,1,26/09/2021,19/10/2021,25/04/2024,15,0,21142.2,Automotive,High,900,1
693,1,25/03/2020,15/09/2020,31/03/2023,10,87,41199.67,Aerospace,Low,900,1
694,1,12/07/2020,22/11/2020,07/04/2021,18,53,17544.19,Energy,Low,900,1
695,1,11/06/2021,24/09/2021,09/03/2024,14,70,14481.72,Automotive,Medium,900,1
696,0,21/09/2021,19/02/2022,04/03/2024,15,88,48085.16,Automotive,Low,900,1
697,0,01/03/2019,06/04/2019,24/07/2019,10,84,5398.85,Automotive,Medium,900,1
698,0,07/03/2021,27/07/2021,16/11/2023,15,14,49901.94,Electronics,High,900,1
699,0,19/11/2020,30/12/2020,06/03/2021,7,64,35456.96,Automotive,Medium,900,1
700,1,01/10/2022,22/12/2022,17/04/2024,3,75,42281.12,Energy,Low,822,0
701,1,22/10/2022,22/11/2022,10/06/2023,7,70,18257.87,Aerospace,High,801,0
702,0,08/04/2021,29/05/2021,07/12/2023,3,14,5644.19,Electronics,Medium,900,1
703,0,05/12/2019,22/02/2020,27/01/2022,2,20,38204.13,Automotive,Medium,900,1
704,0,15/08/2021,18/12/2021,10/10/2022,2,18,42536.51,Aerospace,Low,900,1
705,0,19/09/2019,07/02/2020,15/06/2020,17,59,38321.43,Electronics,High,900,1
706,1,28/06/2022,14/08/2022,06/10/2024,18,88,11428.26,Machinery,Medium,900,1
707,1,29/12/2021,29/04/2022,29/11/2022,18,32,38904.26,Machinery,Medium,900,1
708,1,25/02/2019,30/03/2019,07/06/2019,4,48,39601.53,Electronics,High,900,1
709,0,17/03/2021,22/05/2021,01/03/2022,17,34,34634.32,Energy,Low,900,1
710,0,27/04/2022,30/08/2022,29/03/2024,9,43,39475.22,Machinery,Medium,900,1
711,0,01/03/2022,08/06/2022,16/11/2023,5,89,43066.46,Machinery,High,900,1
712,1,19/09/2022,05/10/2022,21/12/2023,0,10,32612.19,Automotive,Low,834,0
713,1,25/02/2019,21/06/2019,20/10/2019,4,71,8987.21,Automotive,Medium,900,1
714,0,21/06/2019,14/07/2019,05/06/2021,8,77,26943.25,Automotive,High,900,1
715,1,09/08/2022,28/11/2022,10/11/2024,11,73,8494.22,Electronics,Medium,875,0
716,0,27/05/2021,12/10/2021,24/10/2023,13,65,23339.44,Aerospace,Medium,900,1
717,1,05/10/2019,18/01/2020,09/12/2021,1,45,23319.79,Aerospace,High,900,1
718,1,03/08/2021,12/10/2021,02/07/2024,16,8,7970.44,Machinery,High,900,1
719,1,08/01/2020,25/04/2020,31/10/2021,13,2,20696.92,Machinery,Low,900,1
720,1,13/04/2019,13/05/2019,17/05/2021,12,84,9994.91,Energy,Low,900,1
721,0,16/06/2020,29/09/2020,11/04/2022,8,25,41370.58,Aerospace,Medium,900,1
722,0,15/02/2021,23/04/2021,08/07/2021,14,71,47645.96,Electronics,Medium,900,1
723,0,01/11/2020,18/11/2020,23/01/2021,14,47,8254.24,Automotive,Medium,900,1
724,0,09/03/2020,08/06/2020,02/02/2022,10,65,47980.18,Automotive,Medium,900,1
725,1,20/07/2021,24/08/2021,10/05/2023,15,69,28515.95,Automotive,Low,900,1
726,1,31/10/2020,25/04/2021,19/08/2022,16,27,18480.46,Aerospace,Medium,900,1
727,0,22/11/2020,25/02/2021,08/05/2021,3,25,8458.79,Aerospace,Low,900,1
728,1,15/02/2021,03/04/2021,19/06/2021,0,24,27528.09,Machinery,Medium,900,1
729,0,23/07/2020,06/09/2020,01/05/2022,7,11,40753.2,Automotive,Medium,900,1
730,0,13/05/2021,01/06/2021,09/08/2023,16,4,36818.89,Machinery,Low,900,1
731,0,31/05/2020,22/08/2020,29/07/2021,2,47,7260.17,Electronics,Low,900,1
732,0,17/06/2019,25/10/2019,24/06/2021,19,36,8280.58,Automotive,Medium,900,1
733,0,21/08/2021,05/10/2021,23/09/2022,14,78,23129.3,Aerospace,Medium,900,1
734,0,09/02/2019,19/06/2019,04/09/2019,14,43,18288.07,Automotive,Low,900,1
735,0,09/01/2022,13/05/2022,08/12/2023,13,14,15457.29,Electronics,High,900,1
736,1,17/04/2019,01/10/2019,11/03/2022,13,42,17645.2,Aerospace,Medium,900,1
737,0,17/12/2020,28/12/2020,10/02/2023,1,47,41156.72,Automotive,High,900,1
738,0,04/04/2020,04/05/2020,24/05/2022,12,86,46815.26,Automotive,Medium,900,1
739,0,24/08/2022,07/09/2022,20/01/2024,13,69,23229.62,Electronics,Medium,860,0
740,1,21/05/2019,04/08/2019,05/01/2022,18,45,45775,Energy,High,900,1
741,0,27/08/2022,31/10/2022,18/07/2025,6,42,19467.31,Aerospace,Medium,857,0
742,1,24/03/2019,11/05/2019,09/01/2020,2,20,26439.66,Machinery,Medium,900,1
743,1,05/03/2019,02/08/2019,18/01/2020,14,22,15171.3,Electronics,Low,900,1
744,1,21/05/2020,02/11/2020,30/07/2023,13,79,33821.42,Energy,Medium,900,1
745,1,13/02/2020,07/07/2020,12/12/2020,10,46,49054.15,Machinery,Low,900,1
746,0,11/02/2019,09/06/2019,25/01/2021,14,14,32157.19,Electronics,Low,900,1
747,0,26/06/2022,03/08/2022,03/03/2023,12,24,21101.63,Electronics,Low,900,1
748,0,09/11/2019,31/01/2020,02/12/2020,17,35,34151.79,Machinery,Low,900,1
749,1,03/05/2020,12/07/2020,25/03/2021,5,74,10531.43,Aerospace,High,900,1
750,0,16/09/2019,12/12/2019,05/11/2021,2,50,44989.66,Aerospace,Low,900,1
751,0,27/08/2021,07/10/2021,29/05/2023,18,14,27638.78,Automotive,Medium,900,1
752,1,03/10/2022,25/10/2022,08/09/2023,14,67,25220.74,Machinery,High,820,0
753,0,23/08/2019,02/11/2019,14/04/2022,4,20,31363.92,Machinery,Medium,900,1
754,1,01/03/2022,26/06/2022,22/08/2023,9,12,33115.27,Automotive,Low,900,1
755,1,22/03/2020,11/09/2020,10/08/2021,6,85,8229.91,Electronics,Medium,900,1
756,0,10/08/2021,26/01/2022,18/06/2024,16,18,35717.77,Aerospace,Medium,900,1
757,0,03/12/2022,09/04/2023,18/07/2024,6,33,15886.93,Automotive,Medium,759,0
758,0,08/06/2020,04/07/2020,21/11/2020,11,77,37127.87,Energy,Medium,900,1
759,1,25/01/2021,04/03/2021,20/05/2022,16,67,42014.07,Automotive,High,900,1
760,1,10/12/2019,25/04/2020,13/08/2021,12,51,41178.13,Automotive,Medium,900,1
761,1,25/05/2022,03/11/2022,16/04/2024,19,26,29862.54,Electronics,Low,900,1
762,1,28/05/2022,22/10/2022,21/07/2024,3,28,28407.65,Machinery,Medium,900,1
763,1,23/08/2019,06/09/2019,11/07/2020,9,27,11429.42,Automotive,Low,900,1
764,0,02/12/2019,21/05/2020,03/07/2022,2,34,39890.58,Electronics,High,900,1
765,0,29/09/2020,17/02/2021,05/12/2021,8,7,17213.42,Electronics,Low,900,1
766,1,10/08/2019,14/01/2020,15/01/2021,12,15,27351.29,Automotive,Low,900,1
767,0,31/03/2022,10/06/2022,09/07/2024,17,35,17792.33,Automotive,High,900,1
768,0,22/02/2019,09/04/2019,02/10/2021,14,29,11022.28,Electronics,Medium,900,1
769,1,30/09/2020,23/12/2020,09/07/2023,3,17,33330.1,Automotive,Low,900,1
770,0,25/03/2022,22/07/2022,11/12/2022,14,1,7444.94,Energy,Medium,900,1
771,1,19/10/2022,29/10/2022,27/10/2024,1,48,38689.04,Machinery,High,804,0
772,1,07/02/2021,24/07/2021,17/02/2024,14,76,19291.41,Energy,Low,900,1
773,0,23/03/2021,01/07/2021,26/06/2023,7,3,5006.06,Automotive,High,900,1
774,1,11/02/2020,22/04/2020,07/08/2022,7,89,28000.81,Energy,Low,900,1
775,0,05/06/2019,08/11/2019,08/02/2020,16,88,7108.34,Aerospace,Medium,900,1
776,0,27/04/2022,21/08/2022,23/01/2023,11,74,17427.63,Aerospace,High,900,1
777,0,15/11/2022,11/01/2023,30/04/2024,18,6,36813.94,Automotive,Low,777,0
778,0,08/07/2022,04/01/2023,27/03/2024,9,73,7821.03,Automotive,Medium,900,1
779,0,12/05/2020,12/06/2020,01/09/2021,8,38,42770.23,Electronics,Low,900,1
780,0,28/07/2019,19/12/2019,04/09/2021,4,12,5171.9,Aerospace,Medium,900,1
781,0,28/11/2022,10/03/2023,07/09/2024,5,30,16107.07,Automotive,Medium,764,0
782,0,09/09/2020,06/10/2020,31/01/2021,19,70,38340.68,Electronics,Medium,900,1
783,1,02/11/2022,26/03/2023,07/03/2025,1,62,19232.16,Automotive,Low,790,0
784,1,14/05/2022,10/10/2022,18/12/2022,12,55,9585.16,Electronics,Low,900,1
785,0,05/09/2019,22/01/2020,11/03/2022,5,41,21210.53,Aerospace,Low,900,1
786,0,05/03/2022,22/07/2022,14/03/2023,4,60,17167.7,Machinery,Low,900,1
787,0,26/03/2019,24/08/2019,15/01/2020,0,41,42922.04,Machinery,Medium,900,1
788,0,12/12/2020,27/12/2020,21/07/2022,5,55,19100.66,Aerospace,High,900,1
789,1,27/12/2021,15/04/2022,26/10/2024,5,35,40501.96,Aerospace,Medium,900,1
790,1,27/05/2021,04/10/2021,20/02/2023,15,83,45134.25,Aerospace,Medium,900,1
791,0,16/09/2022,07/10/2022,26/09/2024,3,67,24521.78,Machinery,High,837,0
792,0,28/01/2021,19/07/2021,29/11/2023,10,6,45947.44,Aerospace,Medium,900,1
793,0,22/05/2019,08/09/2019,11/10/2020,8,53,21979.31,Automotive,High,900,1
794,1,02/11/2021,15/02/2022,16/11/2023,2,0,48383.53,Automotive,Medium,900,1
795,0,19/08/2022,01/11/2022,27/05/2025,18,43,9018.03,Aerospace,Low,865,0
796,1,29/11/2020,13/12/2020,19/05/2021,7,44,35915.87,Aerospace,Low,900,1
797,1,26/01/2019,07/05/2019,07/01/2022,4,46,27221.63,Machinery,Medium,900,1
798,0,10/05/2021,06/06/2021,27/01/2023,3,12,22444.2,Automotive,Low,900,1
799,1,30/09/2021,06/01/2022,19/04/2022,5,21,33472.03,Aerospace,Low,900,1
800,1,05/08/2019,15/10/2019,05/08/2020,1,20,36673.57,Machinery,Medium,900,1
801,1,06/06/2021,01/12/2021,03/09/2022,19,85,5196.35,Machinery,Medium,900,1
802,0,11/01/2021,30/06/2021,08/03/2024,10,8,12512.89,Aerospace,Medium,900,1
803,0,25/07/2022,30/08/2022,04/04/2025,3,25,37087.07,Aerospace,Low,890,0
804,1,30/07/2021,04/01/2022,11/02/2024,14,8,34987.34,Aerospace,Low,900,1
805,1,19/12/2022,24/03/2023,16/11/2025,5,14,48472.14,Energy,Medium,743,0
806,1,10/11/2019,24/12/2019,24/09/2021,16,9,39246.7,Automotive,High,900,1
807,1,10/06/2021,01/07/2021,29/12/2022,5,87,47784.77,Energy,Medium,900,1
808,1,27/12/2019,05/04/2020,08/03/2021,18,41,36614.32,Electronics,High,900,1
809,1,04/12/2021,02/05/2022,17/08/2022,1,71,18412.35,Electronics,Medium,900,1
810,0,25/08/2022,29/11/2022,14/04/2023,14,23,9741.42,Automotive,Medium,859,0
811,1,07/07/2020,28/12/2020,27/01/2023,10,79,40182.07,Aerospace,Low,900,1
812,1,15/06/2022,08/08/2022,21/07/2023,7,48,33986.71,Aerospace,Medium,900,1
813,1,07/01/2022,15/05/2022,19/01/2025,18,25,7168.37,Automotive,Medium,900,1
814,1,17/09/2021,27/01/2022,05/10/2023,12,36,21202.27,Electronics,Medium,900,1
815,0,10/08/2021,28/01/2022,27/10/2023,11,67,48055.99,Energy,Medium,900,1
816,1,11/06/2021,06/08/2021,09/08/2023,4,49,27518.05,Electronics,Medium,900,1
817,1,28/04/2022,11/06/2022,12/09/2022,5,23,24472.81,Machinery,Low,900,1
818,0,03/07/2020,29/07/2020,29/03/2021,3,18,25596.48,Automotive,Medium,900,1
819,0,22/10/2020,26/02/2021,14/09/2023,18,59,14399.72,Aerospace,Low,900,1
820,0,17/05/2020,05/06/2020,22/06/2021,19,38,21591.82,Automotive,High,900,1
821,0,27/06/2019,20/09/2019,05/12/2019,0,73,21641.6,Electronics,Low,900,1
822,0,25/07/2020,24/09/2020,23/06/2021,19,88,7355.98,Energy,Low,900,1
823,0,12/07/2021,02/08/2021,25/05/2023,16,17,39540.54,Electronics,Medium,900,1
824,1,14/05/2020,14/07/2020,06/02/2021,11,18,23742.7,Automotive,Medium,900,1
825,1,09/08/2021,29/08/2021,07/12/2023,14,35,41998.09,Aerospace,Medium,900,1
826,1,13/03/2022,11/06/2022,27/11/2024,0,73,43265.66,Electronics,Low,900,1
827,1,03/06/2022,31/08/2022,28/10/2024,13,54,14539.73,Aerospace,Medium,900,1
828,0,30/09/2022,18/02/2023,06/08/2025,5,68,34580.91,Machinery,Low,823,0
829,0,15/02/2021,06/06/2021,16/09/2022,4,46,26252.68,Machinery,High,900,1
830,1,19/11/2020,17/04/2021,02/09/2021,10,48,44607.05,Electronics,High,900,1
831,0,28/02/2019,09/07/2019,09/07/2020,3,32,14708.33,Aerospace,Medium,900,1
832,1,09/10/2021,22/12/2021,05/08/2022,12,20,35501.59,Automotive,Low,900,1
833,1,27/10/2020,15/11/2020,14/08/2022,10,80,32348.85,Automotive,Medium,900,1
834,1,08/01/2020,01/07/2020,03/05/2021,2,21,18288.57,Aerospace,Low,900,1
835,1,25/09/2021,22/11/2021,24/08/2023,0,47,11147.04,Aerospace,Medium,900,1
836,0,10/03/2020,01/06/2020,02/12/2022,5,36,34323.79,Electronics,Low,900,1
837,0,27/12/2020,07/04/2021,23/10/2023,17,14,38236.89,Electronics,High,900,1
838,1,13/06/2020,05/07/2020,06/10/2021,9,34,19203.23,Automotive,Low,900,1
839,0,28/11/2020,24/05/2021,16/06/2023,4,70,34017.47,Aerospace,Medium,900,1
840,1,26/07/2020,28/10/2020,03/07/2023,9,31,22780.89,Automotive,Medium,900,1
841,0,05/05/2022,23/07/2022,27/03/2024,11,10,37094.31,Automotive,Medium,900,1
842,1,07/12/2022,17/01/2023,20/02/2024,1,9,13964.69,Machinery,Low,755,0
843,1,19/07/2020,31/10/2020,27/01/2022,12,72,45059.68,Automotive,High,900,1
844,1,12/02/2022,13/06/2022,23/09/2024,7,77,17933.43,Aerospace,Medium,900,1
845,0,21/01/2019,13/05/2019,07/08/2021,1,76,21550.37,Automotive,Medium,900,1
846,0,24/11/2021,26/03/2022,15/10/2022,19,56,7614.14,Machinery,Low,900,1
847,1,27/01/2020,14/05/2020,30/09/2022,0,24,10018.05,Electronics,Medium,900,1
848,0,25/06/2019,29/09/2019,02/11/2021,4,1,28213.79,Automotive,Medium,900,1
849,1,09/05/2020,05/07/2020,14/09/2022,8,63,17041.67,Electronics,Low,900,1
850,1,12/04/2021,27/08/2021,14/01/2022,16,34,42596.61,Machinery,Low,900,1
851,1,27/09/2021,11/02/2022,06/09/2023,8,6,5661.2,Energy,High,900,1
852,1,11/02/2022,26/05/2022,26/08/2024,10,84,22059.23,Automotive,Low,900,1
853,0,07/05/2020,26/09/2020,14/11/2021,14,17,20180.55,Machinery,Low,900,1
854,1,15/11/2022,01/02/2023,26/05/2023,5,66,5869.74,Energy,Medium,777,0
855,1,02/09/2021,03/10/2021,12/03/2022,2,41,10596.58,Energy,Medium,900,1
856,0,15/08/2022,11/12/2022,01/05/2024,16,38,23613.92,Electronics,Low,869,0
857,1,28/12/2022,27/01/2023,20/11/2023,4,40,27178.91,Electronics,Medium,734,0
858,0,02/10/2021,30/01/2022,05/08/2024,11,74,23193.04,Aerospace,Low,900,1
859,0,06/07/2021,17/12/2021,03/05/2022,17,23,28892.2,Machinery,Low,900,1
860,0,05/02/2019,02/04/2019,14/05/2020,13,59,31780.93,Electronics,Low,900,1
861,1,10/07/2019,06/12/2019,15/10/2021,10,45,5446.57,Electronics,High,900,1
862,0,25/08/2020,18/11/2020,15/03/2023,8,18,25884.28,Aerospace,Low,900,1
863,1,29/03/2020,29/06/2020,18/05/2022,1,67,48357.47,Machinery,Low,900,1
864,1,08/04/2021,14/05/2021,14/03/2023,11,89,28356.45,Machinery,Medium,900,1
865,0,17/11/2022,17/12/2022,27/03/2024,2,41,35489.4,Automotive,High,775,0
866,0,13/05/2020,14/08/2020,14/12/2022,2,31,19033.87,Machinery,Low,900,1
867,1,19/09/2020,17/03/2021,15/04/2022,0,38,39829.61,Electronics,Medium,900,1
868,0,21/09/2022,15/12/2022,15/03/2023,7,35,39781.47,Machinery,Low,832,0
869,1,06/04/2022,03/07/2022,11/06/2024,7,35,28458.32,Aerospace,Medium,900,1
870,0,25/01/2021,29/05/2021,03/05/2022,10,2,48920.62,Aerospace,Medium,900,1
871,0,27/08/2021,07/02/2022,18/06/2024,8,72,10649.76,Energy,Medium,900,1
872,1,07/02/2022,06/06/2022,09/11/2023,4,7,5762.64,Automotive,Low,900,1
873,0,23/12/2021,13/02/2022,29/08/2023,13,69,39657.12,Machinery,Low,900,1
874,0,05/12/2020,07/04/2021,25/01/2022,2,40,41322,Aerospace,Low,900,1
875,0,21/05/2021,28/08/2021,26/10/2022,4,67,10409.33,Electronics,Low,900,1
876,0,01/02/2022,05/06/2022,21/02/2024,4,12,16951.23,Aerospace,Low,900,1
877,1,08/11/2020,28/11/2020,15/02/2022,18,48,5789.86,Electronics,Medium,900,1
878,1,21/12/2020,31/03/2021,15/08/2022,13,59,18198.89,Aerospace,High,900,1
879,0,10/12/2022,26/05/2023,31/01/2024,3,1,39791.38,Automotive,High,752,0
880,1,18/07/2021,16/11/2021,12/12/2023,12,59,28308.22,Automotive,High,900,1
881,1,08/07/2020,26/09/2020,17/07/2022,9,4,20664.3,Automotive,Medium,900,1
882,0,19/09/2020,11/03/2021,17/03/2023,17,43,21728.27,Energy,Medium,900,1
883,0,29/05/2020,22/06/2020,14/09/2021,7,26,5060.91,Energy,Low,900,1
884,1,17/04/2020,16/05/2020,10/10/2020,7,31,18491.02,Aerospace,Medium,900,1
885,1,05/09/2019,25/02/2020,24/06/2022,6,20,34090.64,Machinery,Medium,900,1
886,1,30/01/2020,22/05/2020,15/04/2022,7,7,48838.75,Aerospace,Medium,900,1
887,1,08/10/2020,19/01/2021,16/01/2022,13,71,43117.74,Electronics,Medium,900,1
888,0,02/09/2019,21/01/2020,16/06/2022,18,49,6061.77,Machinery,Low,900,1
889,1,02/01/2022,21/02/2022,30/12/2022,5,66,45435.23,Energy,Low,900,1
890,1,14/11/2022,01/12/2022,29/01/2025,0,43,40243.93,Aerospace,High,778,0
891,1,15/01/2020,01/03/2020,14/07/2020,14,57,40116.93,Machinery,Low,900,1
892,0,28/01/2020,11/07/2020,02/12/2020,0,2,25609.81,Automotive,Medium,900,1
893,0,19/03/2020,19/07/2020,18/06/2021,16,85,22910.24,Energy,High,900,1
894,0,18/09/2021,06/10/2021,11/05/2022,0,69,18631.21,Automotive,Medium,900,1
895,1,20/07/2020,31/08/2020,23/11/2021,14,1,7956.27,Electronics,Medium,900,1
896,0,22/04/2022,19/05/2022,15/07/2024,1,86,15270.59,Electronics,Low,900,1
897,0,10/12/2021,18/02/2022,29/06/2024,13,43,16097.16,Electronics,Low,900,1
898,0,07/05/2022,29/10/2022,07/10/2024,7,1,26783.47,Automotive,High,900,1
899,0,02/08/2020,13/11/2020,18/06/2021,7,80,38635,Energy,Medium,900,1
900,1,25/07/2019,04/11/2019,29/01/2022,18,34,26321.44,Automotive,Medium,900,1
901,1,02/02/2020,20/05/2020,21/08/2021,6,86,7603,Electronics,Low,900,1
902,1,29/08/2020,31/01/2021,19/02/2022,18,29,48100.54,Automotive,Low,900,1
903,0,10/04/2020,28/04/2020,01/07/2021,5,7,47422.59,Aerospace,High,900,1
904,1,09/01/2021,22/06/2021,08/12/2021,5,21,40333.53,Electronics,Low,900,1
905,0,03/01/2020,21/02/2020,23/07/2020,2,43,49609.76,Aerospace,Medium,900,1
906,0,11/09/2020,14/01/2021,20/03/2021,6,57,29501.7,Automotive,Low,900,1
907,0,29/01/2019,13/05/2019,22/05/2020,18,35,48324.58,Automotive,Medium,900,1
908,0,21/12/2022,05/04/2023,01/09/2024,7,68,8402.23,Aerospace,High,741,0
909,0,29/12/2021,01/05/2022,03/07/2023,9,76,21455.63,Machinery,Medium,900,1
910,1,17/09/2019,16/10/2019,01/02/2022,19,30,15142.16,Machinery,Low,900,1
911,1,15/07/2020,18/12/2020,19/11/2021,14,46,13812.49,Automotive,Medium,900,1
912,1,04/04/2019,19/05/2019,30/10/2019,14,54,11336.13,Aerospace,Medium,900,1
913,0,22/04/2019,14/09/2019,27/03/2020,0,79,33008.61,Automotive,Medium,900,1
914,0,07/02/2022,21/05/2022,17/10/2022,19,61,40159.48,Automotive,High,900,1
915,0,21/08/2020,10/12/2020,18/08/2021,6,29,31023.43,Electronics,Medium,900,1
916,1,29/11/2022,27/02/2023,12/07/2024,3,54,11613.32,Electronics,High,763,0
917,1,16/09/2019,10/03/2020,11/08/2021,5,15,41500.57,Automotive,Medium,900,1
918,1,30/07/2022,19/10/2022,10/07/2024,0,11,33617.96,Automotive,Low,885,0
919,0,02/10/2021,14/12/2021,03/09/2023,4,16,22467.46,Automotive,Low,900,1
920,1,30/07/2019,07/09/2019,13/04/2021,0,15,35335.86,Machinery,Low,900,1
921,0,26/01/2019,11/02/2019,02/06/2020,3,11,16695.72,Energy,High,900,1
922,1,21/03/2022,17/05/2022,29/10/2022,1,7,20533.65,Automotive,Medium,900,1
923,1,05/08/2020,20/12/2020,16/03/2021,9,83,46286.86,Automotive,Medium,900,1
924,1,19/08/2021,08/01/2022,08/06/2022,4,2,18072.7,Machinery,Low,900,1
925,1,07/09/2021,25/12/2021,20/02/2023,9,15,26149.47,Energy,Low,900,1
926,0,21/06/2021,21/11/2021,10/08/2023,0,29,45056.35,Aerospace,Medium,900,1
927,1,28/11/2020,07/01/2021,11/06/2021,5,22,36847.46,Automotive,Medium,900,1
928,1,13/01/2020,30/03/2020,30/01/2022,12,4,7799.15,Automotive,Low,900,1
929,0,16/04/2019,01/07/2019,03/05/2021,14,83,11628.64,Electronics,Medium,900,1
930,0,01/06/2020,03/10/2020,13/02/2023,3,64,5352.87,Aerospace,Low,900,1
931,0,05/09/2021,08/11/2021,05/12/2022,12,29,33391.48,Automotive,Low,900,1
932,0,22/08/2019,04/02/2020,05/09/2022,19,20,25145.3,Electronics,Medium,900,1
933,0,14/05/2019,05/08/2019,01/11/2020,14,83,11042.37,Automotive,Low,900,1
934,1,31/03/2021,13/08/2021,24/10/2021,7,69,48107.04,Machinery,High,900,1
935,0,04/10/2021,04/12/2021,27/11/2022,4,21,28834.69,Aerospace,Low,900,1
936,0,01/06/2019,12/07/2019,06/11/2020,14,81,15885.2,Automotive,Low,900,1
937,1,27/03/2022,10/05/2022,10/08/2023,3,71,27527.16,Electronics,Low,900,1
938,1,13/07/2022,10/08/2022,14/12/2024,11,31,35582.91,Aerospace,Medium,900,1
939,1,06/11/2022,11/03/2023,04/08/2023,12,32,8430.76,Energy,Medium,786,0
940,0,20/04/2019,13/06/2019,23/08/2021,1,15,17361.67,Electronics,Medium,900,1
941,1,07/11/2019,09/03/2020,16/11/2022,18,75,41313.45,Automotive,Low,900,1
942,1,02/11/2019,04/12/2019,27/08/2021,18,37,25684.92,Machinery,Low,900,1
943,0,26/02/2022,28/05/2022,07/02/2025,3,13,29595.97,Automotive,Medium,900,1
944,0,14/09/2020,13/03/2021,15/01/2022,3,35,24476.72,Energy,High,900,1
945,1,24/06/2019,30/09/2019,06/07/2021,10,22,6975.5,Aerospace,High,900,1
946,1,23/05/2020,18/06/2020,01/02/2022,4,65,12458.74,Electronics,Low,900,1
947,1,31/08/2019,28/01/2020,17/09/2020,19,84,25049.37,Automotive,Medium,900,1
948,1,16/02/2022,14/07/2022,13/08/2024,10,1,14413.35,Aerospace,High,900,1
949,1,02/05/2021,25/07/2021,17/10/2022,9,72,7249.06,Machinery,Low,900,1
950,1,26/05/2022,20/08/2022,10/04/2023,7,64,42964.23,Machinery,High,900,1
951,0,05/05/2022,24/06/2022,12/01/2023,5,74,49153.66,Automotive,Low,900,1
952,0,20/06/2022,10/12/2022,10/11/2023,5,66,40691.43,Automotive,High,900,1
953,0,07/04/2020,31/05/2020,03/06/2021,7,51,43420.32,Machinery,Medium,900,1
954,1,06/12/2021,18/03/2022,15/02/2023,14,61,15888.97,Energy,High,900,1
955,1,18/02/2021,08/07/2021,23/01/2023,13,22,48228.21,Automotive,Medium,900,1
956,1,11/07/2021,16/09/2021,13/04/2022,10,25,13861.66,Aerospace,Low,900,1
957,0,25/06/2021,05/08/2021,07/12/2021,11,67,47814.34,Aerospace,High,900,1
958,1,31/08/2020,31/10/2020,19/06/2021,12,81,49766.87,Machinery,Low,900,1
959,0,20/04/2022,04/06/2022,22/10/2023,7,54,37027.53,Automotive,Low,900,1
960,0,28/05/2021,06/08/2021,14/07/2022,17,5,49151.47,Automotive,Medium,900,1
961,1,17/09/2020,31/01/2021,06/06/2022,0,34,30629.29,Machinery,Medium,900,1
962,1,10/03/2022,26/03/2022,27/03/2023,14,21,16679.38,Automotive,High,900,1
963,1,25/06/2022,05/10/2022,12/04/2024,7,42,24664.81,Aerospace,Low,900,1
964,0,04/05/2019,02/10/2019,09/02/2022,10,14,31710.24,Aerospace,Medium,900,1
965,0,02/06/2022,05/11/2022,23/03/2023,11,85,8288.67,Aerospace,Medium,900,1
966,0,23/07/2019,04/11/2019,06/01/2021,11,59,33005.45,Aerospace,Low,900,1
967,0,01/03/2020,08/07/2020,21/05/2021,3,11,49153,Electronics,Low,900,1
968,1,05/07/2022,03/12/2022,11/10/2023,15,48,13554.84,Automotive,Low,900,1
969,1,08/03/2020,20/04/2020,27/06/2022,3,41,40666.78,Electronics,Low,900,1
970,1,25/06/2020,08/12/2020,08/11/2022,4,37,45855.45,Machinery,High,900,1
971,0,14/09/2022,16/10/2022,05/05/2024,4,81,47466.57,Machinery,Medium,839,0
972,1,16/06/2019,12/07/2019,10/05/2021,7,44,48206.1,Automotive,Medium,900,1
973,0,18/11/2019,15/02/2020,06/01/2022,9,34,28465.68,Automotive,High,900,1
974,1,06/05/2020,25/08/2020,12/05/2021,16,29,48978.86,Automotive,Low,900,1
975,0,22/12/2019,02/05/2020,12/10/2021,8,87,39078.96,Aerospace,High,900,1
976,0,04/02/2022,28/06/2022,14/12/2022,18,29,12275.21,Aerospace,Medium,900,1
977,1,03/06/2019,26/09/2019,11/04/2020,13,77,26460.5,Electronics,High,900,1
978,1,17/11/2019,10/03/2020,16/03/2021,7,5,37324.9,Automotive,Low,900,1
979,0,06/01/2019,12/06/2019,17/08/2019,8,66,16130.31,Automotive,High,900,1
980,0,16/04/2021,14/05/2021,22/08/2022,10,79,33827.68,Aerospace,Low,900,1
981,1,11/07/2021,22/08/2021,26/09/2022,0,6,34997.02,Electronics,Low,900,1
982,0,12/11/2022,11/02/2023,20/08/2025,13,51,12321.49,Automotive,Medium,780,0
983,0,01/05/2022,22/10/2022,16/09/2024,4,13,30428.84,Electronics,Low,900,1
984,0,20/08/2021,17/09/2021,10/12/2022,13,72,39723.21,Automotive,Medium,900,1
985,0,19/08/2020,22/12/2020,24/05/2023,3,14,27450.3,Machinery,Medium,900,1
986,1,08/03/2019,15/07/2019,11/02/2022,0,20,5544.64,Machinery,Medium,900,1
987,1,19/04/2020,08/09/2020,10/10/2021,18,34,5406.73,Automotive,Low,900,1
988,1,13/08/2020,19/11/2020,13/04/2022,7,65,21066.32,Automotive,Low,900,1
989,1,18/12/2022,29/01/2023,06/03/2024,14,1,46678.73,Aerospace,Low,744,0
990,0,02/08/2020,31/12/2020,15/05/2022,14,34,15290.46,Automotive,Medium,900,1
991,0,10/12/2022,01/06/2023,12/11/2025,8,81,33546.37,Electronics,Low,752,0
992,0,18/07/2021,25/12/2021,15/06/2024,8,77,14993.41,Machinery,Low,900,1
993,0,26/05/2019,21/07/2019,15/02/2022,9,19,19475.15,Electronics,Low,900,1
994,0,08/11/2022,21/12/2022,16/12/2024,19,81,43161.89,Machinery,Low,784,0
995,1,23/04/2020,21/08/2020,20/06/2022,8,9,37798.76,Aerospace,Medium,900,1
996,1,25/06/2020,10/11/2020,28/05/2021,2,24,9292.97,Automotive,High,900,1
997,0,04/07/2022,28/07/2022,30/07/2023,19,65,24291.59,Machinery,Low,900,1
998,1,22/04/2022,02/06/2022,25/06/2023,10,24,6312.64,Aerospace,Medium,900,1
999,1,16/09/2022,05/02/2023,13/12/2024,5,53,26640.06,Electronics,Medium,837,0
1000,1,10/02/2020,30/03/2020,10/05/2022,1,32,34809.53,Automotive,Medium,900,1
1001,1,20/05/2021,15/08/2021,07/05/2022,6,35,10332.62,Automotive,Medium,900,1
1002,1,24/08/2019,15/10/2019,17/04/2021,17,13,17999.82,Energy,Medium,900,1
1003,1,20/01/2022,12/03/2022,28/03/2023,1,64,22902.65,Automotive,Medium,900,1
1004,1,05/04/2020,06/07/2020,04/03/2021,16,79,46378.9,Energy,Low,900,1
1005,1,19/08/2022,25/10/2022,04/02/2024,10,53,49696.48,Energy,Medium,865,0
1006,0,02/11/2019,08/02/2020,28/02/2021,11,51,7021.01,Machinery,Medium,900,1
1007,0,28/06/2020,17/11/2020,10/11/2021,18,2,39245.36,Electronics,Low,900,1
1008,1,19/10/2019,09/01/2020,31/03/2022,6,40,21727.58,Electronics,Low,900,1
1009,0,27/05/2019,26/06/2019,05/08/2021,19,5,22660.62,Machinery,High,900,1
1010,0,03/05/2019,16/07/2019,23/06/2021,5,24,38941.92,Automotive,Medium,900,1
1011,1,06/12/2019,04/02/2020,19/08/2021,0,12,46329.19,Aerospace,Medium,900,1
1012,0,21/09/2020,12/03/2021,21/12/2022,16,7,47791.79,Electronics,High,900,1
1013,1,03/05/2022,01/10/2022,07/02/2025,10,20,30970.52,Aerospace,Medium,900,1
1014,1,11/03/2022,30/05/2022,03/04/2023,17,67,21070.45,Aerospace,Medium,900,1
1015,1,14/08/2020,25/09/2020,23/10/2021,16,24,40439.71,Aerospace,Medium,900,1
1016,0,18/06/2021,05/12/2021,23/02/2023,6,78,16295.06,Electronics,High,900,1
1017,0,12/09/2019,08/12/2019,19/11/2020,16,67,30383.33,Machinery,Medium,900,1
1018,1,17/08/2021,31/01/2022,15/07/2024,19,44,21136.03,Automotive,Medium,900,1
1019,1,11/11/2022,06/04/2023,17/08/2025,8,59,34548.4,Energy,Low,781,0
1020,1,14/09/2020,17/10/2020,22/01/2022,16,11,15817.95,Electronics,High,900,1
1021,0,04/12/2022,21/04/2023,27/06/2024,19,31,13621.68,Machinery,Medium,758,0
1022,0,04/04/2021,25/09/2021,20/03/2022,7,12,46320.76,Electronics,Low,900,1
1023,1,11/07/2020,02/09/2020,01/06/2022,16,30,9581.17,Machinery,High,900,1
1024,0,21/10/2021,31/03/2022,20/12/2022,6,77,27768.11,Automotive,Medium,900,1
1025,1,10/01/2022,17/06/2022,13/04/2024,0,19,14938.38,Machinery,Low,900,1
1026,0,08/10/2021,26/11/2021,06/08/2023,12,17,6751.85,Automotive,Medium,900,1
1027,0,15/06/2021,07/08/2021,08/04/2022,18,59,6620.85,Machinery,Medium,900,1
1028,0,14/06/2019,09/12/2019,05/01/2022,18,62,12884.98,Energy,High,900,1
1029,0,09/05/2022,25/10/2022,17/02/2025,16,5,44004.67,Automotive,Low,900,1
1030,1,23/03/2019,03/09/2019,18/05/2021,12,31,17711.54,Automotive,High,900,1
1031,1,03/06/2021,07/09/2021,03/12/2021,15,42,47770.66,Machinery,Medium,900,1
1032,0,22/10/2020,25/03/2021,07/06/2023,7,1,31173,Automotive,Low,900,1
1033,1,21/05/2022,10/06/2022,24/11/2023,18,59,24647.64,Machinery,High,900,1
1034,0,27/05/2020,13/06/2020,07/08/2022,17,22,31104,Automotive,Medium,900,1
1035,1,22/02/2019,24/03/2019,23/12/2019,0,82,28251.43,Automotive,Low,900,1
1036,0,07/07/2019,28/07/2019,17/12/2020,13,30,39144.93,Energy,Medium,900,1
1037,1,13/04/2020,04/10/2020,27/02/2023,18,4,17712.32,Electronics,High,900,1
1038,1,12/10/2022,18/03/2023,10/03/2024,14,82,20887.27,Machinery,Low,811,0
1039,1,24/03/2022,09/06/2022,06/12/2024,17,33,45234.24,Aerospace,Low,900,1
1040,1,17/04/2022,10/10/2022,17/11/2024,1,9,47590.54,Electronics,Low,900,1
1041,1,12/02/2019,16/04/2019,24/08/2019,16,88,45165.12,Electronics,Low,900,1
1042,1,08/10/2022,13/03/2023,27/08/2025,17,1,23875.16,Electronics,Medium,815,0
1043,1,05/07/2020,29/10/2020,15/05/2023,5,10,40116.45,Electronics,Medium,900,1
1044,1,26/03/2022,10/09/2022,31/01/2025,18,49,26435.11,Electronics,Low,900,1
1045,1,24/03/2019,13/09/2019,03/02/2022,3,30,27389.29,Aerospace,Low,900,1
1046,0,25/12/2019,11/01/2020,03/05/2021,0,55,14210.6,Automotive,Low,900,1
1047,1,21/08/2021,05/01/2022,24/01/2024,7,78,31600.86,Machinery,High,900,1
1048,0,28/11/2021,17/05/2022,09/12/2023,6,72,13376.12,Automotive,Low,900,1
1049,1,27/08/2022,23/01/2023,13/08/2023,2,86,19920.41,Electronics,High,857,0
1050,0,24/06/2021,16/09/2021,25/08/2023,9,82,43476.36,Automotive,Medium,900,1
1051,1,23/07/2020,13/01/2021,18/01/2022,9,8,14318.41,Electronics,Low,900,1
1052,0,07/01/2020,03/04/2020,04/02/2021,18,20,8202.12,Machinery,High,900,1
1053,0,13/04/2022,24/08/2022,08/07/2023,13,72,8105.34,Automotive,Medium,900,1
1054,0,11/06/2021,22/08/2021,26/08/2023,1,27,47335.3,Automotive,Medium,900,1
1055,1,24/07/2022,14/11/2022,19/06/2023,0,61,27811.42,Automotive,High,891,0
1056,0,04/10/2021,29/12/2021,29/02/2024,17,6,23423.54,Electronics,Low,900,1
1057,0,06/07/2019,09/11/2019,16/03/2021,6,79,41489.54,Machinery,Low,900,1
1058,1,20/08/2021,17/09/2021,02/02/2024,7,15,42612.17,Automotive,Medium,900,1
1059,1,13/12/2020,07/01/2021,29/03/2022,0,3,19948.6,Machinery,Low,900,1
1060,0,16/04/2021,05/06/2021,18/10/2021,2,3,36212.81,Aerospace,Low,900,1
1061,0,13/11/2020,15/03/2021,16/08/2022,7,39,39700.53,Aerospace,Low,900,1
1062,0,19/10/2020,12/02/2021,16/12/2022,14,16,34459.28,Energy,Low,900,1
1063,1,04/10/2022,14/02/2023,17/08/2024,4,51,11821.78,Aerospace,Medium,819,0
1064,0,03/08/2019,09/12/2019,25/09/2021,2,51,44414.74,Aerospace,Low,900,1
1065,0,26/11/2019,27/01/2020,11/05/2021,18,35,29259.25,Automotive,Medium,900,1
1066,0,06/11/2020,11/02/2021,11/10/2022,0,37,17711.26,Automotive,Medium,900,1
1067,0,23/04/2021,05/10/2021,06/05/2023,14,49,24135.27,Automotive,Medium,900,1
1068,1,21/11/2022,06/01/2023,13/08/2025,7,62,6690.7,Automotive,Low,771,0
1069,0,11/10/2021,09/01/2022,16/02/2024,1,62,10754.01,Electronics,Medium,900,1
1070,0,13/08/2020,12/11/2020,15/03/2022,2,61,39449.6,Aerospace,Low,900,1
1071,0,18/09/2022,25/12/2022,01/09/2024,13,6,5000.52,Electronics,Medium,835,0
1072,0,31/03/2021,21/07/2021,26/10/2021,13,26,23745.46,Automotive,High,900,1
1073,0,31/01/2022,15/03/2022,31/07/2024,10,85,28512.96,Automotive,Medium,900,1
1074,1,17/03/2019,29/06/2019,30/08/2020,15,13,7458.55,Electronics,Medium,900,1
1075,1,20/07/2021,08/12/2021,25/01/2024,3,70,48788.52,Energy,Medium,900,1
1076,1,30/06/2019,30/11/2019,02/08/2022,19,85,15175.64,Automotive,Low,900,1
1077,1,06/10/2020,12/11/2020,22/04/2023,4,4,18688.94,Machinery,High,900,1
1078,1,31/05/2020,30/08/2020,01/05/2022,13,54,18677.41,Electronics,High,900,1
1079,0,24/10/2020,03/01/2021,02/11/2022,15,1,15368.75,Electronics,Low,900,1
1080,1,26/08/2019,02/01/2020,15/12/2021,17,61,5066.32,Electronics,Medium,900,1
1081,1,07/04/2021,18/05/2021,08/02/2024,6,20,37820.52,Automotive,High,900,1
1082,1,19/11/2021,05/02/2022,02/07/2022,9,78,48508.05,Automotive,High,900,1
1083,1,03/01/2019,08/05/2019,26/10/2019,6,20,15093.21,Electronics,Medium,900,1
1084,0,08/09/2022,20/11/2022,16/03/2025,0,9,34837.12,Aerospace,Medium,845,0
1085,1,16/01/2022,03/03/2022,11/01/2023,18,86,38385.33,Energy,Low,900,1
1086,1,04/08/2021,07/09/2021,10/09/2023,15,57,43179.14,Aerospace,High,900,1
1087,1,26/04/2021,18/05/2021,28/05/2023,18,38,24018.31,Automotive,Low,900,1
1088,0,22/04/2019,15/07/2019,10/09/2020,3,4,18631.89,Machinery,Medium,900,1
1089,0,20/01/2020,07/05/2020,23/12/2020,17,64,19638.28,Automotive,Low,900,1
1090,0,27/11/2021,13/05/2022,04/05/2024,1,12,37067.96,Electronics,Low,900,1
1091,1,10/01/2021,07/05/2021,25/03/2023,0,84,41755.08,Electronics,Medium,900,1
1092,0,29/06/2022,10/09/2022,24/12/2022,14,89,13172.63,Energy,High,900,1
1093,0,17/10/2021,06/12/2021,03/09/2023,4,84,21692.35,Machinery,Low,900,1
1094,1,04/07/2022,05/10/2022,24/09/2024,19,52,45587.31,Electronics,Medium,900,1
1095,0,24/06/2021,28/11/2021,21/12/2023,10,81,41301.21,Electronics,Low,900,1
1096,1,16/04/2019,15/07/2019,06/07/2021,9,44,49318.63,Energy,Low,900,1
1097,0,21/02/2020,19/04/2020,01/08/2021,1,31,38941.17,Automotive,Medium,900,1
1098,1,30/06/2020,19/08/2020,27/11/2022,2,35,22693.78,Automotive,Medium,900,1
1099,1,29/01/2022,15/06/2022,19/07/2023,11,80,31578.7,Automotive,Low,900,1
1100,1,26/09/2019,14/02/2020,08/07/2022,19,59,34745.64,Automotive,Low,900,1
1101,1,12/08/2020,19/12/2020,03/05/2022,4,10,8530.51,Electronics,Low,900,1
1102,0,16/06/2021,31/10/2021,17/04/2022,4,62,29502.36,Electronics,Low,900,1
1103,0,01/12/2022,27/02/2023,08/05/2023,5,20,36919.44,Electronics,High,761,0
1104,0,19/09/2021,03/02/2022,13/07/2022,8,51,12529.46,Automotive,High,900,1
1105,1,06/09/2019,21/09/2019,10/08/2020,1,54,40128.43,Machinery,Low,900,1
1106,1,01/03/2019,03/04/2019,15/01/2020,11,25,31269.78,Aerospace,Medium,900,1
1107,0,14/07/2022,01/11/2022,05/06/2024,2,67,47849.98,Electronics,High,900,1
1108,1,31/05/2022,17/10/2022,18/01/2025,19,33,6909,Electronics,Low,900,1
1109,0,05/05/2020,09/09/2020,23/04/2022,11,51,16939.68,Aerospace,High,900,1
1110,1,24/12/2022,05/03/2023,25/11/2024,16,81,32069.92,Automotive,High,738,0
1111,1,21/11/2019,25/01/2020,09/11/2021,9,51,18345.2,Automotive,Low,900,1
1112,0,28/09/2020,06/03/2021,09/04/2023,13,28,37149.09,Machinery,Low,900,1
1113,0,02/02/2022,13/05/2022,21/02/2024,16,37,39155.24,Energy,High,900,1
1114,0,29/01/2019,20/02/2019,03/12/2019,17,41,9613.22,Electronics,Medium,900,1
1115,1,05/02/2022,27/02/2022,28/07/2023,18,20,28123.45,Automotive,Low,900,1
1116,1,15/04/2021,06/07/2021,22/09/2022,16,41,27900.08,Aerospace,Low,900,1
1117,0,10/07/2019,23/11/2019,25/02/2021,13,12,21617.63,Machinery,Medium,900,1
1118,0,05/04/2020,14/09/2020,02/03/2022,8,63,46981.62,Machinery,Medium,900,1
1119,0,21/08/2019,14/02/2020,13/06/2022,7,16,42237.78,Automotive,Medium,900,1
1120,1,03/08/2021,11/12/2021,05/01/2024,1,8,36374.42,Automotive,High,900,1
1121,1,29/08/2019,20/11/2019,12/09/2021,12,40,37144.7,Machinery,Low,900,1
1122,0,19/08/2022,13/01/2023,18/02/2025,6,0,25777.23,Aerospace,Medium,865,0
1123,1,12/11/2019,24/11/2019,18/06/2021,8,1,46444.75,Automotive,Medium,900,1
1124,1,17/10/2021,23/11/2021,25/06/2022,10,59,36256.79,Automotive,Medium,900,1
1125,0,20/08/2020,18/12/2020,04/02/2022,13,47,37804.15,Electronics,Low,900,1
1126,0,08/11/2021,22/12/2021,17/03/2022,3,28,43776.09,Machinery,High,900,1
1127,1,15/12/2022,02/03/2023,06/09/2024,12,9,17333.22,Energy,High,747,0
1128,1,13/07/2020,24/10/2020,09/04/2021,1,57,41318.19,Electronics,Medium,900,1
1129,0,30/04/2021,21/08/2021,18/08/2022,4,59,13785.83,Electronics,Medium,900,1
1130,0,15/09/2021,27/12/2021,26/04/2023,10,20,20540.39,Automotive,Low,900,1
1131,0,25/08/2021,15/09/2021,09/02/2022,5,27,20102.47,Electronics,Medium,900,1
1132,1,14/05/2020,03/09/2020,28/02/2021,17,74,49033.65,Aerospace,Medium,900,1
1133,0,24/07/2021,16/08/2021,13/02/2024,9,33,43544.18,Electronics,Medium,900,1
1134,0,02/02/2022,07/07/2022,21/09/2024,3,7,36552.64,Aerospace,High,900,1
1135,1,24/10/2019,25/03/2020,16/10/2020,8,58,37717.55,Automotive,Medium,900,1
1136,1,24/02/2021,24/04/2021,14/06/2022,5,85,30293.28,Automotive,Low,900,1
1137,0,26/01/2020,07/05/2020,21/05/2021,1,71,47619.08,Aerospace,Medium,900,1
1138,0,12/05/2022,10/10/2022,25/11/2023,16,48,27331.64,Automotive,Low,900,1
1139,1,06/11/2021,28/01/2022,08/07/2023,4,78,22123.3,Automotive,Low,900,1
1140,0,07/10/2019,04/11/2019,16/03/2022,5,16,12336.59,Energy,Low,900,1
1141,0,23/05/2019,08/09/2019,05/06/2020,11,59,40379.25,Aerospace,Medium,900,1
1142,1,19/07/2020,05/12/2020,21/07/2022,9,86,38049.98,Electronics,Medium,900,1
1143,0,29/04/2021,01/09/2021,09/03/2023,5,87,22295.98,Machinery,Medium,900,1
1144,1,27/11/2020,26/04/2021,16/06/2022,7,44,6133.7,Energy,Medium,900,1
1145,1,05/11/2021,25/01/2022,26/07/2023,1,82,42754.88,Electronics,Medium,900,1
1146,0,01/07/2020,17/12/2020,25/05/2021,11,68,5513.81,Machinery,Low,900,1
1147,0,06/01/2019,21/06/2019,10/11/2020,12,31,36666.49,Aerospace,High,900,1
1148,1,02/08/2020,11/09/2020,19/11/2022,6,43,48661.57,Aerospace,Low,900,1
1149,1,03/09/2020,15/10/2020,27/11/2022,9,64,24694.76,Aerospace,Low,900,1
1150,1,17/04/2022,21/05/2022,26/10/2023,12,86,15573.8,Electronics,Medium,900,1
1151,1,02/04/2022,21/07/2022,11/08/2023,16,7,36719.2,Electronics,Low,900,1
1152,0,13/09/2022,27/12/2022,04/05/2023,13,76,41770.77,Aerospace,Low,840,0
1153,1,29/09/2021,03/01/2022,05/01/2023,1,71,29589.36,Automotive,Medium,900,1
1154,0,01/11/2019,01/04/2020,15/07/2020,10,86,48516.59,Electronics,Medium,900,1
1155,0,03/07/2021,14/10/2021,21/03/2024,0,42,7325.09,Automotive,Medium,900,1
1156,0,08/01/2022,23/02/2022,20/04/2024,18,0,27715.8,Electronics,High,900,1
1157,0,18/09/2021,17/11/2021,13/05/2022,3,50,37330.43,Electronics,Medium,900,1
1158,1,07/12/2020,20/05/2021,11/08/2021,18,23,43818.82,Machinery,High,900,1
1159,0,11/11/2020,31/03/2021,16/10/2023,10,23,13066.5,Machinery,Low,900,1
1160,0,04/02/2022,27/05/2022,12/07/2023,7,16,41000.16,Machinery,Medium,900,1
1161,0,17/01/2022,04/06/2022,27/05/2024,10,4,29871.82,Aerospace,High,900,1
1162,1,11/02/2021,03/03/2021,21/08/2021,3,19,22844.92,Machinery,Medium,900,1
1163,1,21/07/2021,11/08/2021,03/09/2023,16,20,10927.18,Electronics,Medium,900,1
1164,0,21/10/2020,09/11/2020,07/04/2023,6,57,43938.31,Automotive,Low,900,1
1165,0,22/01/2020,07/03/2020,21/10/2020,7,30,12077.29,Automotive,Low,900,1
1166,0,29/11/2022,04/03/2023,30/05/2025,2,10,18940.45,Automotive,Medium,763,0
1167,1,04/05/2020,12/09/2020,18/07/2021,1,51,18052.05,Aerospace,Low,900,1
1168,1,17/03/2022,06/08/2022,16/03/2024,14,14,44213.63,Electronics,High,900,1
1169,1,23/02/2021,29/06/2021,22/02/2022,4,82,35271.63,Machinery,Low,900,1
1170,1,23/04/2020,10/06/2020,25/02/2022,0,6,40850.66,Automotive,High,900,1
1171,0,21/04/2021,03/10/2021,14/05/2022,3,27,16271.06,Automotive,High,900,1
1172,1,31/03/2019,19/08/2019,20/09/2020,14,50,33119.33,Energy,Low,900,1
1173,1,13/10/2020,27/11/2020,22/08/2022,19,57,30728.57,Automotive,Low,900,1
1174,0,26/08/2021,27/11/2021,07/04/2023,18,4,42477.37,Aerospace,High,900,1
1175,0,15/12/2022,30/05/2023,13/11/2024,2,4,45773.92,Electronics,High,747,0
1176,1,19/02/2021,21/05/2021,14/03/2022,19,7,5547.05,Electronics,Medium,900,1
1177,1,01/03/2021,21/04/2021,14/09/2023,10,63,35330.9,Automotive,Low,900,1
1178,0,21/09/2022,09/01/2023,27/04/2024,16,9,7332.61,Automotive,Medium,832,0
1179,1,28/08/2022,11/02/2023,15/01/2025,12,37,29698.64,Automotive,Medium,856,0
1180,1,08/11/2019,02/02/2020,07/10/2020,10,80,17943.47,Electronics,Low,900,1
1181,0,11/10/2021,21/03/2022,26/11/2022,1,7,18804.95,Electronics,Medium,900,1
1182,0,17/03/2019,21/06/2019,05/06/2021,8,24,20883.13,Automotive,Low,900,1
1183,0,16/09/2019,02/02/2020,04/02/2022,1,72,32958.16,Electronics,Low,900,1
1184,1,25/10/2021,14/03/2022,29/07/2023,8,65,20032.25,Machinery,Low,900,1
1185,0,23/04/2022,16/09/2022,25/12/2023,8,78,37971.46,Automotive,Low,900,1
1186,0,10/11/2020,25/03/2021,22/06/2021,7,49,23203.73,Aerospace,Low,900,1
1187,1,25/07/2019,26/12/2019,20/03/2022,16,66,8075.89,Electronics,Medium,900,1
1188,1,20/06/2021,14/09/2021,03/08/2023,0,48,40269.19,Automotive,Low,900,1
1189,0,24/07/2019,02/12/2019,23/07/2022,10,35,17859.12,Aerospace,Low,900,1
1190,0,13/12/2021,27/12/2021,15/09/2022,7,67,24474.51,Electronics,Low,900,1
1191,0,24/07/2021,05/11/2021,09/04/2023,9,77,35844.97,Machinery,High,900,1
1192,1,01/02/2019,06/05/2019,02/03/2021,6,40,19960.53,Machinery,Medium,900,1
1193,1,23/10/2019,30/11/2019,12/04/2021,2,88,7546.35,Electronics,Medium,900,1
1194,0,19/04/2021,13/08/2021,14/11/2022,2,61,21826.45,Machinery,Medium,900,1
1195,1,02/09/2022,08/02/2023,13/04/2023,17,9,47500.19,Aerospace,High,851,0
1196,1,13/11/2019,09/02/2020,31/03/2022,4,20,33878.05,Electronics,Low,900,1
1197,1,03/06/2019,21/11/2019,26/08/2020,11,35,35216.56,Aerospace,Medium,900,1
1198,1,19/08/2021,04/09/2021,01/06/2022,11,11,33452.7,Automotive,Medium,900,1
1199,0,26/06/2020,05/12/2020,15/11/2021,18,1,13954.65,Machinery,Medium,900,1
1200,0,24/11/2020,04/04/2021,13/07/2023,5,12,23825.02,Electronics,Low,900,1
